"","occupation","lessthanhs","hsdiploma","somecollege","associates","bachelors","masters","professional","hsorless","somecollegeorassociates","postgrad","TOT_EMP","A_MEDIAN","natlwage","typicaled","workexp","probability","total"
"1","Accountants and Auditors",0,4,7.6,9.2,55.6,20.8,2.8,4,16.8,23.6,1241000,69350,96698720000,"Bachelor's degree","None",0.94,1246530
"2","Actuaries",0,0,1.2,1.5,62.1,24.9,10.3,0,2.7,35.2,19210,101560,2206268500,"Bachelor's degree","None",0.21,19550
"3","Adhesive Bonding Machine Operators and Tenders",21.6,49.2,21.5,2.2,4.9,0.5,0,70.8,23.7,0.5,15860,32710,549231800,"High school diploma or equivalent","None",0.95,16190
"4","Administrative Services Managers",2.1,17.9,26.1,12.1,29.7,10.3,1.7,20,38.2,12,270100,94020,27922938000,"Bachelor's degree","Less than 5 years",0.73,266270
"5","Adult Basic and Secondary Education and Literacy Teachers and Instructors",1.8,10.2,18.4,8.5,35.9,20.5,4.7,12,26.9,25.2,60670,52100,3446056000,"Bachelor's degree","None",0.19,55900
"6","Advertising and Promotions Managers",0.7,5,11.1,4.4,62.7,13.3,2.8,5.7,15.5,16.1,28100,106130,3481028000,"Bachelor's degree","Less than 5 years",0.039,28080
"7","Advertising Sales Agents",1.6,10.3,19.3,8.1,50.8,8.7,1.2,11.9,27.4,9.9,136520,49680,8330450400,"High school diploma or equivalent","None",0.54,141120
"8","Aerospace Engineering and Operations Technicians",3.5,22.4,31,22.6,17.1,2.9,0.6,25.9,53.6,3.5,11710,67240,835391400,"Associate's degree","None",0.48,8470
"9","Aerospace Engineers",0.7,1.8,6.7,4.6,49.1,31.9,5.3,2.5,11.3,37.2,65760,113030,7582128000,"Bachelor's degree","None",0.017,58500
"10","Agricultural and Food Science Technicians",8.3,22.3,25,13.7,24.8,4.1,1.8,30.6,38.7,5.9,21120,39910,906259200,"Associate's degree","None",0.97,20190
"11","Agricultural Engineers",0,2.6,3.6,16.3,43.7,25.8,8.1,2.6,19.9,33.9,1770,74780,138006900,"Bachelor's degree","None",0.49,1410
"12","Agricultural Inspectors",9.4,18.3,20.2,13.6,32.1,4.6,1.8,27.7,33.8,6.4,13960,43390,627222800,"Bachelor's degree","None",0.94,13710
"13","Air Traffic Controllers",0.6,9.5,32.6,14.7,34.5,6.9,1.1,10.1,47.3,8,22790,124540,2740725400,"Associate's degree","None",0.11,20330
"14","Aircraft Cargo Handling Supervisors",8.1,34.8,28.2,9.9,16.1,2.6,0.4,42.9,38.1,3,8270,48150,438061900,"High school diploma or equivalent","Less than 5 years",0.066,6710
"15","Aircraft Mechanics and Service Technicians",2.3,23.9,39.6,22.2,10.5,1.3,0.2,26.2,61.8,1.5,131500,61020,8224010000,"Postsecondary nondegree award","None",0.71,128550
"16","Airfield Operations Specialists",0.6,9.5,32.6,14.7,34.5,6.9,1.1,10.1,47.3,8,9590,52360,537615400,"High school diploma or equivalent","None",0.71,7160
"17","Amusement and Recreation Attendants",8.9,28.8,28.2,8.4,20,5,0.8,37.7,36.6,5.8,310970,21060,7077677200,"No formal educational credential","None",0.72,286730
"18","Animal Breeders",55.6,25.7,9.4,3.3,5.1,0.8,0.2,81.3,12.7,1,1800,37560,78210000,"High school diploma or equivalent","None",0.95,530
"19","Animal Control Workers",1.9,28.7,43.3,10,13.4,2.5,0.2,30.6,53.3,2.7,12700,35520,477266000,"High school diploma or equivalent","None",0.21,12860
"20","Animal Scientists",0,0,0,0,53.5,30,16.5,0,0,46.5,2550,60760,175542000,"Bachelor's degree","None",0.061,2090
"21","Animal Trainers",6.2,24.4,30.7,8.8,24.7,4.1,1.1,30.6,39.5,5.2,14340,28880,498458400,"High school diploma or equivalent","None",0.1,13240
"22","Anthropologists and Archeologists",0,3,5.5,2.4,35.6,38.7,14.9,3,7.9,53.6,6120,62280,405939600,"Master's degree","None",0.0077,5860
"23","Appraisers and Assessors of Real Estate",0.7,11.2,24.8,9.6,42.8,9,2,11.9,34.4,11,58880,54010,3581670400,"Bachelor's degree","None",0.9,60500
"24","Architectural and Civil Drafters",0.8,11.1,28,32.8,22.8,3.9,0.6,11.9,60.8,4.5,95960,52870,5288355600,"Associate's degree","None",0.52,96780
"25","Architectural and Engineering Managers",0.8,3.5,6.9,4.2,45.1,33.8,5.8,4.3,11.1,39.6,179990,137720,26330737100,"Bachelor's degree","5 years or more",0.017,177540
"26","Archivists",0.6,5.5,8.5,3.7,30.8,42.7,8.3,6.1,12.2,51,6080,51760,337257600,"Master's degree","None",0.76,5400
"27","Art Directors",2.5,11.3,18.7,8.4,46.4,11.3,1.4,13.8,27.1,12.7,38110,92500,3944766100,"Bachelor's degree","5 years or more",0.023,36120
"28","Astronomers",0,0,0,0,18.1,27.7,54.1,0,0,81.8,2020,100590,221311200,"Doctoral or professional degree","None",0.041,770
"29","Athletes and Sports Competitors",1.5,10.5,18.6,7,41.2,19.1,2.1,12,25.6,21.2,11150,51370,984545000,"No formal educational credential","None",0.28,8470
"30","Athletic Trainers",1.9,11.4,14.2,7.8,36.8,25,2.8,13.3,22,27.8,25010,46630,1216236300,"Bachelor's degree","None",0.0071,23960
"31","Atmospheric and Space Scientists",0,1.9,4.4,2.7,45,27.5,18.5,1.9,7.1,46,8940,92070,837767400,"Bachelor's degree","None",0.67,8960
"32","Audio and Video Equipment Technicians",1.3,17.9,29.4,16.7,30.4,3.7,0.5,19.2,46.1,4.2,72740,42190,3457332200,"Postsecondary nondegree award","None",0.55,69640
"33","Audio-Visual and Multimedia Collections Specialists",0.4,5,7.2,4.7,30.3,42.9,9.5,5.4,11.9,52.4,10430,48590,534954700,"Bachelor's degree","Less than 5 years",0.39,9960
"34","Audiologists",0,0.9,3.1,2.3,7.9,22.5,63.5,0.9,5.4,86,12020,75920,962080800,"Doctoral or professional degree","None",0.0033,11830
"35","Automotive and Watercraft Service Attendants",18.9,43.8,24.7,4.5,6.3,1.4,0.4,62.7,29.2,1.8,118850,23390,2983135000,"No formal educational credential","None",0.83,109310
"36","Automotive Body and Related Repairers",22.6,49.5,17.6,7.5,2.7,0.1,0.1,72.1,25.1,0.2,144320,41970,6585321600,"High school diploma or equivalent","None",0.91,143860
"37","Automotive Glass Installers and Repairers",14.2,55.4,24.5,3.3,1.2,1.5,0,69.6,27.8,1.5,20190,34170,723407700,"High school diploma or equivalent","None",0.55,15160
"38","Automotive Service Technicians and Mechanics",17.3,44.7,22.2,11.6,3.6,0.4,0.2,62,33.8,0.6,639700,39550,27289602000,"Postsecondary nondegree award","None",0.59,647350
"39","Avionics Technicians",1.6,16.5,34.5,31.2,13.7,1.4,1.1,18.1,65.7,2.5,18620,62650,1185163000,"Associate's degree","None",0.7,16140
"40","Baggage Porters and Bellhops",10.6,30.9,27.5,11.6,16.7,1.9,0.9,41.5,39.1,2.8,42620,23230,1112382000,"High school diploma or equivalent","None",0.83,44410
"41","Bailiffs",1.5,30.1,36.1,14.6,15.3,2,0.3,31.6,50.7,2.3,18480,42960,853591200,"High school diploma or equivalent","None",0.36,16510
"42","Bakers",21.3,39.2,20.8,8.4,9,0.8,0.4,60.5,29.2,1.2,182890,25690,5106288800,"No formal educational credential","None",0.89,180450
"43","Barbers",11.3,47.2,28.7,8.1,4.3,0.4,0,58.5,36.8,0.4,18810,25650,573328800,"Postsecondary nondegree award","None",0.8,10050
"44","Bartenders",5.9,27.6,35.2,10.3,18.7,2,0.4,33.5,45.5,2.4,613350,21690,16106571000,"No formal educational credential","None",0.77,603330
"45","Bicycle Repairers",24.9,43,20.3,5.4,5.4,0.8,0.1,67.9,25.7,0.9,12720,28390,373586400,"High school diploma or equivalent","None",0.94,10370
"46","Bill and Account Collectors",4.2,29.9,33.5,13.4,16,2.6,0.5,34.1,46.9,3.1,271700,35330,10229505000,"High school diploma or equivalent","None",0.95,298960
"47","Billing and Posting Clerks",2.7,29.1,33.7,15.1,15.7,3,0.5,31.8,48.8,3.5,476010,36860,18307344600,"High school diploma or equivalent","None",0.96,485200
"48","Biochemists and Biophysicists",0,0,0,0,47.5,31.4,21,0,0,52.4,27380,91190,2886125800,"Doctoral or professional degree","None",0.027,22840
"49","Biological Technicians",5.7,14.1,18.9,16.4,31.1,8.7,5.1,19.8,35.3,13.8,74980,43800,3554801800,"Bachelor's degree","None",0.3,74250
"50","Biomedical Engineers",0,2.6,3.6,16.3,43.7,25.8,8.1,2.6,19.9,33.9,20100,88040,1868697000,"Bachelor's degree","None",0.037,20360
"51","Boilermakers",15.5,46.7,23.1,12.7,2,0,0,62.2,35.8,0,15020,62260,946410200,"High school diploma or equivalent","None",0.68,15100
"52","Brickmasons and Blockmasons",35.6,43.4,14.6,3.1,2.5,0.6,0.3,79,17.7,0.9,64790,49770,3459138100,"High school diploma or equivalent","None",0.82,64170
"53","Bridge and Lock Tenders",5.3,38.8,34.4,9.9,8,3.3,0.4,44.1,44.3,3.7,3240,50240,153187200,"High school diploma or equivalent","None",0.97,2930
"54","Broadcast News Analysts",0.7,2.3,8.5,3.9,61.4,20.8,2.4,3,12.4,23.2,5700,62910,503025000,"Bachelor's degree","None",0.067,4460
"55","Broadcast Technicians",1.3,17.9,29.4,16.7,30.4,3.7,0.5,19.2,46.1,4.2,30390,39060,1420124700,"Associate's degree","None",0.74,30310
"56","Brokerage Clerks",2.3,17.8,28.1,7,35.3,7.5,2.1,20.1,35.1,9.6,58930,49800,3114450500,"High school diploma or equivalent","None",0.98,59540
"57","Budget Analysts",0.4,6.4,13,7,42.6,26.4,4.2,6.8,20,30.6,54550,75240,4291994000,"Bachelor's degree","None",0.94,52450
"58","Bus and Truck Mechanics and Diesel Engine Specialists",13.1,46,24.2,12.9,2.9,0.6,0.2,59.1,37.1,0.8,260380,46360,12498240000,"High school diploma or equivalent","None",0.73,254270
"59","Butchers and Meat Cutters",34,39.7,17.7,4.4,3.5,0.5,0.1,73.7,22.1,0.6,131530,30890,4283932100,"No formal educational credential","None",0.93,133930
"60","Cabinetmakers and Bench Carpenters",19.3,46.5,18,7.3,7.3,1.5,0,65.8,25.3,1.5,97820,33920,3496086800,"High school diploma or equivalent","None",0.92,97980
"61","Camera and Photographic Equipment Repairers",3.9,23.3,28.7,20.7,18.6,3.9,0.9,27.2,49.4,4.8,3650,40770,155161500,"High school diploma or equivalent","None",0.97,2120
"62","Cardiovascular Technologists and Technicians",1.3,6.1,17.1,43.2,26.7,4,1.6,7.4,60.3,5.6,56130,55270,3213442500,"Associate's degree","None",0.23,53480
"63","Cargo and Freight Agents",5.3,25.2,37.3,11,17.8,3.2,0.2,30.5,48.3,3.4,89920,41820,4044601600,"High school diploma or equivalent","None",0.99,88910
"64","Carpenters",25.9,42.6,19.6,5.3,5.6,0.8,0.2,68.5,24.9,1,693050,45170,34396071500,"High school diploma or equivalent","None",0.72,676950
"65","Carpet Installers",36.6,41.5,14.5,4,2.9,0.4,0,78.1,18.5,0.4,26120,38830,1154504000,"No formal educational credential","None",0.87,24540
"66","Cartographers and Photogrammetrists",0.9,4.3,8.9,6.3,65.8,11,2.8,5.2,15.2,13.8,11440,63990,770941600,"Bachelor's degree","None",0.88,11940
"67","Cashiers",14.9,40.9,25.4,7.5,9.3,1.7,0.3,55.8,32.9,2,3564920,21030,78891679600,"No formal educational credential","None",0.97,3540980
"68","Cashiers",14.9,40.9,25.4,7.5,9.3,1.7,0.3,55.8,32.9,2,3588960,21050,79531353600,"No formal educational credential","None",0.97,3540980
"69","Cement Masons and Concrete Finishers",38.9,40.9,15.1,1.3,3.2,0.5,0.2,79.8,16.4,0.7,178640,40650,8126333600,"No formal educational credential","None",0.94,173910
"70","Chefs and Head Cooks",15.9,29.7,23.4,16.8,12.3,1.5,0.4,45.6,40.2,1.9,131430,45950,6525499500,"High school diploma or equivalent","5 years or more",0.1,134150
"71","Chemical Engineers",0.1,2.4,3.5,3.5,56.6,25.2,8.7,2.5,7,33.9,33500,102160,3766405000,"Bachelor's degree","None",0.017,31760
"72","Chemical Equipment Operators and Tenders",6.7,31.9,27.2,7.8,21.3,4.3,0.8,38.6,35,5.1,77870,47800,3947230300,"High school diploma or equivalent","None",0.76,73840
"73","Chemical Plant and System Operators",6.1,40.3,30.4,13.3,9,0.9,0.1,46.4,43.7,1,30290,62170,1866469800,"High school diploma or equivalent","None",0.85,30760
"74","Chemical Technicians",2.9,22.1,25.8,14.7,25.6,5.2,3.7,25,40.5,8.9,64550,47280,3292695500,"Associate's degree","None",0.57,65500
"75","Chemists",0.5,2,2.7,1.2,53,21.7,18.8,2.5,3.9,40.5,84400,74740,6909828000,"Bachelor's degree","None",0.1,84580
"76","Chief Executives",1.5,9,14.7,5.4,39.8,22.3,7.4,10.5,20.1,29.7,210160,183270,41201868000,"Bachelor's degree","5 years or more",0.015,223270
"77","Childcare Workers",12.8,31.5,26.2,10.7,15.5,2.9,0.4,44.3,36.9,3.3,562420,22290,13363099200,"High school diploma or equivalent","None",0.084,569380
"78","Chiropractors",0.4,0.4,0.2,0.7,5,2.5,90.7,0.8,0.9,93.2,33630,68640,2803060500,"Doctoral or professional degree","None",0.027,32950
"79","Choreographers",8.7,25.4,23.4,7.7,28.1,5.5,1.2,34.1,31.1,6.7,5310,48420,281270700,"High school diploma or equivalent","5 years or more",0.004,4110
"80","Civil Engineering Technicians",3.5,22.4,31,22.6,17.1,2.9,0.6,25.9,53.6,3.5,71430,51620,3828648000,"Associate's degree","None",0.75,72160
"81","Civil Engineers",0.5,3.3,5.7,5.1,55.2,26.1,4,3.8,10.8,30.1,298910,84770,27436948900,"Bachelor's degree","None",0.019,287800
"82","Cleaners of Vehicles and Equipment",30.2,43.7,16.9,4.5,3.8,0.6,0.3,73.9,21.4,0.9,373290,23360,9619683300,"No formal educational credential","None",0.37,348790
"83","Clergy",2.7,6.6,11.3,4.3,25.3,35.1,14.7,9.3,15.6,49.8,49850,47100,2532380000,"Bachelor's degree","None",0.0081,49100
"84","Coaches and Scouts",1.5,10.5,18.6,7,41.2,19.1,2.1,12,25.6,21.2,235400,32270,10013916000,"Bachelor's degree","None",0.013,229250
"85","Commercial and Industrial Designers",2.3,9.5,16.7,12.5,48.2,9.3,1.5,11.8,29.2,10.8,31250,65970,2204375000,"Bachelor's degree","None",0.037,31500
"86","Commercial Divers",13,39.9,26.6,10.3,8.2,1.7,0.2,52.9,36.9,1.9,3280,47210,181285600,"Postsecondary nondegree award","None",0.18,2540
"87","Commercial Pilots",0.3,4.9,12.9,8,59.5,12.5,1.9,5.2,20.9,14.4,38490,78740,3439081500,"High school diploma or equivalent","None",0.55,38100
"88","Compensation and Benefits Managers",0.2,7.4,13.7,8.4,47.2,22.8,0.4,7.6,22.1,23.2,15520,119120,2017755200,"Bachelor's degree","5 years or more",0.96,15100
"89","Compliance Officers",1.1,7.9,18.1,8.4,40.4,17.1,7,9,26.5,24.1,287130,67870,20541280200,"Bachelor's degree","None",0.08,266710
"90","Computer and Information Research Scientists",0.4,4.9,2.5,0.3,34.8,33,24,5.3,2.8,57,27920,114520,3338394400,"Master's degree","None",0.015,24750
"91","Computer and Information Systems Managers",0.4,4,14,7.7,46.1,25.2,2.6,4.4,21.7,27.8,365690,139220,54754763700,"Bachelor's degree","5 years or more",0.035,352540
"92","Computer Hardware Engineers",0.2,4.9,11.5,7.4,47.4,24,4.7,5.1,18.9,28.7,66770,115120,7989030500,"Bachelor's degree","None",0.22,67110
"93","Computer Operators",2.6,22.6,29.6,12.7,25.3,6.4,0.9,25.2,42.3,7.3,40400,44270,1830928000,"High school diploma or equivalent","None",0.78,46600
"94","Computer Programmers",0.6,4.6,12.9,8.7,50.9,19.7,2.8,5.2,21.6,22.5,247690,82240,21680305700,"Bachelor's degree","None",0.48,271230
"95","Computer Systems Analysts",0.5,4.6,13.4,7.8,47.4,23.4,2.9,5.1,21.2,26.3,581960,88270,53970970400,"Bachelor's degree","None",0.0065,568930
"96","Concierges",10.6,30.9,27.5,11.6,16.7,1.9,0.9,41.5,39.1,2.8,35750,30150,1169025000,"High school diploma or equivalent","None",0.21,31650
"97","Conservation Scientists",0,0,0,0,76.5,18.8,4.7,0,0,23.5,22040,61480,1429294000,"Bachelor's degree","None",0.016,20470
"98","Construction and Building Inspectors",1.6,24.4,31.3,14.6,21.6,5.8,0.9,26,45.9,6.7,98810,59090,6128196200,"High school diploma or equivalent","5 years or more",0.63,94980
"99","Construction Laborers",34.5,39.6,16.1,4.1,4.8,0.7,0.2,74.1,20.2,0.9,962060,34530,37414513400,"No formal educational credential","None",0.88,912090
"100","Construction Managers",6.9,25.3,24.5,8.4,28.2,5.8,0.8,32.2,32.9,6.6,263480,91370,26611480000,"Bachelor's degree","None",0.071,249690
"101","Continuous Mining Machine Operators",14.8,51.9,24.1,4.4,4.1,0.7,0,66.7,28.5,0.7,12000,54620,660480000,"No formal educational credential","None",0.54,9870
"102","Conveyor Operators and Tenders",16.8,59.1,12.3,6.9,4.6,0.4,0,75.9,19.2,0.4,26570,32300,916133600,"No formal educational credential","None",0.93,27590
"103","Cooling and Freezing Equipment Operators and Tenders",19.4,46.4,20.7,6.6,5.7,0.9,0.2,65.8,27.3,1.1,8630,30860,289881700,"High school diploma or equivalent","None",0.93,7610
"104","Correctional Officers and Jailers",1.5,30.1,36.1,14.6,15.3,2,0.3,31.6,50.7,2.3,428870,43540,20414212000,"High school diploma or equivalent","None",0.6,414520
"105","Correspondence Clerks",9.7,32.6,27,10.1,17.6,2.5,0.6,42.3,37.1,3.1,6370,36620,242697000,"High school diploma or equivalent","None",0.86,6530
"106","Cost Estimators",2.7,23.1,27.7,11.6,29.9,4.4,0.6,25.8,39.3,5,210900,63110,14429778000,"Bachelor's degree","None",0.57,214590
"107","Costume Attendants",8.9,28.8,28.2,8.4,20,5,0.8,37.7,36.6,5.8,6430,42620,306711000,"High school diploma or equivalent","None",0.61,5520
"108","Counter and Rental Clerks",11.7,38.5,23.6,8,15.3,2.4,0.4,50.2,31.6,2.8,445530,25820,13250062200,"No formal educational credential","None",0.97,450320
"109","Couriers and Messengers",8.4,36.1,30.7,8.8,13.8,1.9,0.3,44.5,39.5,2.2,76710,28250,2301300000,"High school diploma or equivalent","None",0.94,73810
"110","Court Reporters",1.6,16.9,25.9,13.5,29.5,7.8,4.8,18.5,39.4,12.6,15220,55120,914113200,"Postsecondary nondegree award","None",0.5,15350
"111","Craft Artists",2.5,11.3,18.7,8.4,46.4,11.3,1.4,13.8,27.1,12.7,4730,34940,194781400,"No formal educational credential","None",0.035,3920
"112","Crane and Tower Operators",16.6,50.2,23.6,5.6,3.6,0.3,0,66.8,29.2,0.3,43660,52200,2431425400,"High school diploma or equivalent","Less than 5 years",0.9,44920
"113","Credit Analysts",0.4,8.6,21.1,7.9,45.1,15.9,0.9,9,29,16.8,74850,71290,6205065000,"Bachelor's degree","None",0.98,67750
"114","Credit Counselors",1.1,14.3,24.4,9.7,40.1,9,1.3,15.4,34.1,10.3,35900,44710,1775614000,"Bachelor's degree","None",0.04,27140
"115","Crossing Guards",15.3,44.7,23.8,8,6.2,1.5,0.4,60,31.8,1.9,76440,27630,2306194800,"No formal educational credential","None",0.49,72460
"116","Curators",0.6,5.5,8.5,3.7,30.8,42.7,8.3,6.1,12.2,51,11550,53770,679486500,"Master's degree","None",0.0068,11160
"117","Customer Service Representatives",4,26.4,31.5,11.7,21.8,4,0.6,30.4,43.2,4.6,2767790,32890,98671713500,"High school diploma or equivalent","None",0.55,2707030
"118","Data Entry Keyers",2.7,26.2,32.9,13.6,20.3,3.9,0.4,28.9,46.5,4.3,180100,30930,5858653000,"High school diploma or equivalent","None",0.99,193890
"119","Database Administrators",0.7,5.7,12.5,8.8,45.1,24.2,3,6.4,21.3,27.2,113690,87020,10124094500,"Bachelor's degree","None",0.03,113730
"120","Demonstrators and Product Promoters",7.6,31.1,29.9,8.2,17.7,4.4,1,38.7,38.1,5.4,84780,27060,2698547400,"No formal educational credential","None",0.51,85020
"121","Dental Assistants",3.2,25.3,39.7,21.3,8.4,0.7,1.5,28.5,61,2.2,337160,37630,13044720400,"Postsecondary nondegree award","None",0.51,327270
"122","Dental Hygienists",0.4,2.2,8.1,51.5,32.8,2.4,2.5,2.6,59.6,4.9,211600,74070,15802288000,"Associate's degree","None",0.68,204990
"123","Dental Laboratory Technicians",6.2,29.5,31.7,17.7,12.3,1.5,1,35.7,49.4,2.5,35630,38670,1496103700,"High school diploma or equivalent","None",0.97,36860
"124","Desktop Publishers",2.1,18.5,28.4,13.1,28.5,8.2,1.2,20.6,41.5,9.4,12000,42350,542040000,"Associate's degree","None",0.16,12820
"125","Detectives and Criminal Investigators",0.8,7.1,25.3,11.5,40.9,12.3,2.2,7.9,36.8,14.5,105350,79970,8777762000,"High school diploma or equivalent","Less than 5 years",0.34,105000
"126","Diagnostic Medical Sonographers",1.3,6.1,17.1,43.2,26.7,4,1.6,7.4,60.3,5.6,68750,71410,5032500000,"Associate's degree","None",0.35,65790
"127","Dietetic Technicians",1.8,20.1,34.7,21.6,18.2,2.5,1.1,21.9,56.3,3.6,33370,26500,988085700,"Associate's degree","None",0.13,32190
"128","Dietitians and Nutritionists",2.5,12.2,9.9,4,37.5,27.3,6.6,14.7,13.9,33.9,62980,59410,3788247000,"Bachelor's degree","None",0.0039,61430
"129","Dining Room and Cafeteria Attendants and Bartender Helpers",25.6,41.3,19.7,5.4,6.9,0.8,0.2,66.9,25.1,1,436730,21160,10066626500,"No formal educational credential","None",0.91,423070
"130","Dishwashers",42.7,38,11.8,3,3.5,0.8,0.3,80.7,14.8,1.1,503540,21500,11183623400,"No formal educational credential","None",0.77,506490
"131","Dredge Operators",20,51,20.4,4.2,4,0.4,0,71,24.6,0.4,1410,43230,65339400,"High school diploma or equivalent","None",0.92,1050
"132","Driver/Sales Workers",16.3,47.6,23.5,6.1,5.4,0.9,0.3,63.9,29.6,1.2,426870,24040,12417648300,"High school diploma or equivalent","None",0.98,426300
"133","Drywall and Ceiling Tile Installers",44.8,39.9,11.1,2.1,1.9,0.3,0,84.7,13.2,0.3,96550,42860,4755087500,"No formal educational credential","None",0.79,91890
"134","Economists",0,0,0,0,23.2,44.8,32,0,0,76.8,19550,102490,2202307500,"Master's degree","None",0.43,17840
"135","Editors",0.6,3.3,10,3.5,55.9,21.2,5.6,3.9,13.5,26.8,96890,58770,6610804700,"Bachelor's degree","Less than 5 years",0.055,97150
"136","Electrical and Electronics Drafters",0.8,11.1,28,32.8,22.8,3.9,0.6,11.9,60.8,4.5,26060,59690,1660543200,"Associate's degree","None",0.81,26750
"137","Electrical and Electronics Engineering Technicians",3.5,22.4,31,22.6,17.1,2.9,0.6,25.9,53.6,3.5,128320,63660,8249692800,"Associate's degree","None",0.84,130530
"138","Electrical Engineers",0.7,3.2,8.5,8.1,49.3,24.1,6.1,3.9,16.6,30.2,183370,95060,18259984600,"Bachelor's degree","None",0.1,183780
"139","Electrical Power-Line Installers and Repairers",5.7,39.4,32.2,15.7,6,0.9,0.1,45.1,47.9,1,116650,69380,8015021500,"High school diploma or equivalent","None",0.097,116910
"140","Electricians",7.7,37.3,32.1,15.2,6.7,0.9,0.2,45,47.3,1.1,631080,54110,36545842800,"High school diploma or equivalent","None",0.15,607110
"141","Electro-Mechanical Technicians",3.5,22.4,31,22.6,17.1,2.9,0.6,25.9,53.6,3.5,13050,56740,776344500,"Associate's degree","None",0.81,12730
"142","Electronic Home Entertainment Equipment Installers and Repairers",8.3,33.8,31.9,12.4,11.7,1.4,0.6,42.1,44.3,2,25810,37190,1006073800,"Postsecondary nondegree award","None",0.65,25010
"143","Elevator Installers and Repairers",3.8,48.2,31.4,10.9,4.8,0.6,0.3,52,42.3,0.9,24490,79480,1888913700,"High school diploma or equivalent","None",0.39,21020
"144","Embalmers",3.5,31.5,22.8,17.1,20.1,4.5,0.6,35,39.9,5.1,4200,42780,189168000,"Associate's degree","None",0.54,3070
"145","Emergency Management Directors",0,3.6,22.3,10.8,40,22.4,0.9,3.6,33.1,23.3,9560,72760,775698400,"Bachelor's degree","5 years or more",0.003,9540
"146","Emergency Medical Technicians and Paramedics",0.8,12.2,44.4,22.2,17.4,2.5,0.5,13,66.6,3,251860,33380,9243262000,"Postsecondary nondegree award","None",0.049,241120
"147","Engine and Other Machine Assemblers",12.8,48.1,23.4,6.9,8.9,0,0,60.9,30.3,0,37770,43390,1681520400,"High school diploma or equivalent","None",0.82,32460
"148","Environmental Engineering Technicians",3.5,22.4,31,22.6,17.1,2.9,0.6,25.9,53.6,3.5,17590,50230,942999900,"Associate's degree","None",0.25,16500
"149","Environmental Engineers",0.2,4.5,4.6,3.5,47.2,34.4,5.5,4.7,8.1,39.9,52640,86800,4799715200,"Bachelor's degree","None",0.018,52300
"150","Epidemiologists",0.3,0.6,0.3,0.6,21.7,23.1,53.5,0.9,0.9,76.6,6870,69660,523700100,"Master's degree","None",0.2,5080
"151","Etchers and Engravers",12.8,36.3,25.3,8.7,13.6,2.2,1.2,49.1,34,3.4,8620,30890,291873200,"High school diploma or equivalent","None",0.98,9060
"152","Excavating and Loading Machine and Dragline Operators",20,51,20.4,4.2,4,0.4,0,71,24.6,0.4,45450,42500,2126151000,"High school diploma or equivalent","Less than 5 years",0.94,48320
"153","Executive Secretaries and Executive Administrative Assistants",2.3,27.4,32.3,14.7,19.3,3.5,0.6,29.7,47,4.1,596080,57410,35407152000,"High school diploma or equivalent","Less than 5 years",0.86,631580
"154","Fabric and Apparel Patternmakers",28.8,35,18.2,5.8,11.4,0.8,0,63.8,24,0.8,4810,40460,239008900,"High school diploma or equivalent","None",0.0049,4030
"155","Fallers",31.6,48,11.9,3.7,3.3,1.5,0,79.6,15.6,1.5,5420,40690,254360600,"High school diploma or equivalent","None",0.76,3810
"156","Farm and Home Management Advisors",0.4,5,7.2,4.7,30.3,42.9,9.5,5.4,11.9,52.4,8450,49510,441259000,"Master's degree","None",0.0075,7250
"157","Farm Equipment Mechanics and Service Technicians",13.1,44.7,25.4,12,3.7,0.6,0.3,57.8,37.4,0.9,34410,39340,1406680800,"High school diploma or equivalent","None",0.75,34980
"158","Farm Labor Contractors",1.6,9.8,18.5,8.5,43.5,16,2.1,11.4,27,18.1,780,35660,38134200,"No formal educational credential","Less than 5 years",0.97,350
"159","Fashion Designers",2.3,9.5,16.7,12.5,48.2,9.3,1.5,11.8,29.2,10.8,18940,67420,1493797800,"Bachelor's degree","None",0.021,18710
"160","Fence Erectors",45,33.1,15.7,2.9,2.5,0.5,0.4,78.1,18.6,0.9,21430,33320,777051800,"No formal educational credential","None",0.92,20030
"161","Fiberglass Laminators and Fabricators",17.5,46.8,22.5,6.5,5.7,0.8,0.2,64.3,29,1,20040,32290,700598400,"High school diploma or equivalent","None",0.93,18310
"162","File Clerks",3.8,29.7,30.8,12.7,18.2,4,0.8,33.5,43.5,4.8,118840,30120,3826648000,"High school diploma or equivalent","None",0.97,130710
"163","Film and Video Editors",1.4,5.6,17.1,10.8,54.1,10.1,1,7,27.9,11.1,30770,61180,2583141500,"Bachelor's degree","None",0.31,29570
"164","Financial Analysts",0.5,2.6,6,3.5,50.8,33.2,3.4,3.1,9.5,36.6,294110,84300,29243357300,"Bachelor's degree","None",0.23,271960
"165","Financial Examiners",0,4.9,6.4,6.7,58.8,21.4,1.8,4.9,13.1,23.2,52580,81690,4825792400,"Bachelor's degree","None",0.17,47650
"166","Financial Managers",1.1,10,17.6,7.9,41.2,19.7,2.5,11.1,25.5,22.2,569380,125080,81723111400,"Bachelor's degree","5 years or more",0.069,543290
"167","Fire Inspectors and Investigators",1.5,22.7,30.7,20.9,20,3.7,0.5,24.2,51.6,4.2,11940,59260,743384400,"Postsecondary nondegree award","5 years or more",0.48,11490
"168","Firefighters",1.1,14.9,38,23.1,19.9,2.6,0.4,16,61.1,3,319860,49080,16610329800,"Postsecondary nondegree award","None",0.17,315330
"169","First-Line Supervisors of Construction Trades and Extraction Workers",14.8,41.5,24.7,7.7,9.5,1.6,0.3,56.3,32.4,1.9,556300,64070,38495960000,"High school diploma or equivalent","5 years or more",0.17,538220
"170","First-Line Supervisors of Correctional Officers",0.6,26.3,32.4,15.9,19.7,4.6,0.4,26.9,48.3,5,42280,62500,2827686400,"High school diploma or equivalent","Less than 5 years",0.025,40530
"171","First-Line Supervisors of Fire Fighting and Prevention Workers",0.6,11.8,36.6,21.3,23.3,5.7,0.7,12.4,57.9,6.4,58690,76170,4661746700,"Postsecondary nondegree award","Less than 5 years",0.0036,56980
"172","First-Line Supervisors of Food Preparation and Serving Workers",11.8,34.4,29,10,12.6,1.8,0.4,46.2,39,2.2,927440,31960,32887022400,"High school diploma or equivalent","Less than 5 years",0.63,908590
"173","First-Line Supervisors of Housekeeping and Janitorial Workers",15.4,38.2,24.2,7.7,12.2,1.9,0.4,53.6,31.9,2.3,155090,39230,6572714200,"High school diploma or equivalent","Less than 5 years",0.94,161120
"174","First-Line Supervisors of Non-Retail Sales Workers",4.6,21.4,22.4,8.2,31.7,10,1.7,26,30.6,11.7,251830,71650,20995067100,"High school diploma or equivalent","Less than 5 years",0.075,252640
"175","First-Line Supervisors of Office and Administrative Support Workers",2.8,22.1,28,11.6,26.1,8,1.5,24.9,39.6,9.5,1458380,55060,85373565200,"High school diploma or equivalent","Less than 5 years",0.014,1443130
"176","First-Line Supervisors of Personal Service Workers",4.1,27.4,28.8,12.7,21.7,4.1,1.1,31.5,41.5,5.2,213620,37450,8662291000,"High school diploma or equivalent","Less than 5 years",0.076,190450
"177","First-Line Supervisors of Police and Detectives",0.5,10.9,29.4,17.3,29.6,11.3,1,11.4,46.7,12.3,104860,87910,9604127400,"High school diploma or equivalent","Less than 5 years",0.0044,95540
"178","First-Line Supervisors of Production and Operating Workers",10.2,37.9,26.1,8.7,13.3,3.1,0.7,48.1,34.8,3.8,611800,58870,38335388000,"High school diploma or equivalent","Less than 5 years",0.016,610500
"179","First-Line Supervisors of Retail Sales Workers",5.6,29.5,28.6,10,21.5,3.8,1,35.1,38.6,4.8,1200180,38550,52303844400,"High school diploma or equivalent","Less than 5 years",0.28,1194270
"180","Fish and Game Wardens",2.2,21.3,26.3,15,29.8,5.4,0,23.5,41.3,5.4,6020,56410,352591400,"Bachelor's degree","None",0.08,5610
"181","Fitness Trainers and Aerobics Instructors",2.4,14.8,24,10.1,37.5,9.9,1.4,17.2,34.1,11.3,280080,39210,12245097600,"High school diploma or equivalent","None",0.085,257370
"182","Flight Attendants",1,13.8,32.2,12.5,35.1,4.1,1.3,14.8,44.7,5.4,119000,50500,6266540000,"High school diploma or equivalent","Less than 5 years",0.35,82330
"183","Floor Sanders and Finishers",36.6,41.5,14.5,4,2.9,0.4,0,78.1,18.5,0.4,4320,36950,169603200,"No formal educational credential","None",0.87,3490
"184","Floral Designers",2.3,9.5,16.7,12.5,48.2,9.3,1.5,11.8,29.2,10.8,43470,26350,1226723400,"High school diploma or equivalent","None",0.047,44030
"185","Food Batchmakers",21.2,43.4,17.7,9.2,7.3,1,0.2,64.6,26.9,1.2,151950,28500,4692216000,"High school diploma or equivalent","None",0.7,147490
"186","Food Cooking Machine Operators and Tenders",27.9,40.4,18.5,6.6,6.6,0,0,68.3,25.1,0,33340,28420,1008201600,"High school diploma or equivalent","None",0.61,31930
"187","Food Preparation Workers",26,37.3,20.8,6.4,7.8,1.3,0.3,63.3,27.2,1.6,832690,22730,19901291000,"No formal educational credential","None",0.87,850660
"188","Food Scientists and Technologists",0,0,0,0,53.5,30,16.5,0,0,46.5,15020,63660,1081289800,"Bachelor's degree","None",0.077,12430
"189","Food Service Managers",8.9,28.3,27.4,9.7,21.4,3.7,0.6,37.2,37.1,4.3,208110,52030,11914297500,"High school diploma or equivalent","Less than 5 years",0.083,187960
"190","Forensic Science Technicians",3.2,15,21,13.5,32.3,11.5,3.5,18.2,34.5,15,15070,57850,922585400,"Bachelor's degree","None",0.0095,14350
"191","Forest and Conservation Technicians",3.2,15,21,13.5,32.3,11.5,3.5,18.2,34.5,15,30570,36130,1197732600,"Associate's degree","None",0.42,29300
"192","Forest and Conservation Workers",19.1,20.9,23,12.1,20,4.4,0.5,40,35.1,4.9,7080,27650,221745600,"High school diploma or equivalent","None",0.87,5870
"193","Forest Fire Inspectors and Prevention Specialists",1.5,22.7,30.7,20.9,20,3.7,0.5,24.2,51.6,4.2,1960,37380,90140400,"High school diploma or equivalent","Less than 5 years",0.048,1070
"194","Foresters",0,0,0,0,76.5,18.8,4.7,0,0,23.5,8300,60120,512193000,"Bachelor's degree","None",0.0081,7920
"195","Foundry Mold and Coremakers",16.8,48.1,21.8,7.4,5.6,0.3,0,64.9,29.2,0.3,13960,35140,508702400,"High school diploma or equivalent","None",0.67,12070
"196","Funeral Attendants",3.5,31.5,22.8,17.1,20.1,4.5,0.6,35,39.9,5.1,34970,25050,948386400,"High school diploma or equivalent","None",0.37,35560
"197","Furniture Finishers",23.1,36,16.7,9.7,11.9,2.7,0,59.1,26.4,2.7,17530,31300,581470100,"High school diploma or equivalent","None",0.87,17190
"198","Gaming and Sports Book Writers and Runners",7.9,35.6,30.6,9.3,14.1,2.2,0.4,43.5,39.9,2.6,11210,24030,308835500,"High school diploma or equivalent","None",0.91,9240
"199","Gaming Cage Workers",4,45.6,34.9,2.8,12.7,0,0,49.6,37.7,0,17030,26320,480416300,"High school diploma or equivalent","None",0.39,17430
"200","Gaming Change Persons and Booth Cashiers",14.9,40.9,25.4,7.5,9.3,1.7,0.3,55.8,32.9,2,24050,23910,624097500,"No formal educational credential","None",0.83,19940
"201","Gaming Dealers",7.9,35.6,30.6,9.3,14.1,2.2,0.4,43.5,39.9,2.6,94260,19820,2159496600,"High school diploma or equivalent","None",0.96,83170
"202","Gaming Managers",4.7,24,33.5,11.6,19,6.6,0.7,28.7,45.1,7.3,4420,72930,368893200,"High school diploma or equivalent","Less than 5 years",0.091,3860
"203","Gaming Surveillance Officers and Gaming Investigators",6.1,35.3,32.1,10.3,13.2,2.7,0.4,41.4,42.4,3.1,10290,33260,372086400,"High school diploma or equivalent","Less than 5 years",0.95,10150
"204","Gas Compressor and Gas Pumping Station Operators",11.5,46.3,26.9,7.8,7.1,0.3,0,57.8,34.7,0.3,3560,62810,220577600,"High school diploma or equivalent","None",0.91,2710
"205","Gas Plant Operators",6.1,40.3,30.4,13.3,9,0.9,0.1,46.4,43.7,1,14890,69030,1036344000,"High school diploma or equivalent","None",0.78,15900
"206","General and Operations Managers",2.6,17.1,25.4,9.4,33,11.1,1.5,19.7,34.8,12.6,2212200,100410,273118212000,"Bachelor's degree","5 years or more",0.16,2188870
"207","Geographers",0,3,5.5,2.4,35.6,38.7,14.9,3,7.9,53.6,1400,76860,107506000,"Bachelor's degree","None",0.25,770
"208","Geological and Petroleum Technicians",3.4,22.4,21.9,16.8,26,6.4,3,25.8,38.7,9.4,14820,54190,940329000,"Associate's degree","None",0.91,14570
"209","Glaziers",21,47.9,22.1,4.6,3.2,1.1,0.1,68.9,26.7,1.2,47330,42580,2247228400,"High school diploma or equivalent","None",0.73,46790
"210","Graphic Designers",2.3,9.5,16.7,12.5,48.2,9.3,1.5,11.8,29.2,10.8,217170,48700,11570817600,"Bachelor's degree","None",0.082,210690
"211","Hazardous Materials Removal Workers",18.5,36.9,20.5,9.7,11.2,2.9,0.3,55.4,30.2,3.2,43260,41400,2004235800,"High school diploma or equivalent","None",0.53,44100
"212","Health Educators",2.9,12.7,20.9,7.9,33.3,19.6,2.7,15.6,28.8,22.3,58040,53940,3424940400,"Bachelor's degree","None",0.045,57550
"213","Healthcare Social Workers",1.1,5.8,9.4,6,40.8,35.1,1.8,6.9,15.4,36.9,167730,54870,9528741300,"Master's degree","None",0.0035,159340
"214","Heavy and Tractor-Trailer Truck Drivers",16.3,47.6,23.5,6.1,5.4,0.9,0.3,63.9,29.6,1.2,1748140,42480,77792230000,"Postsecondary nondegree award","None",0.79,1704540
"215","Highway Maintenance Workers",12.1,56.8,21.3,6.2,3.2,0.4,0,68.9,27.5,0.4,146580,38700,5907174000,"High school diploma or equivalent","None",0.87,143240
"216","Historians",0,3,5.5,2.4,35.6,38.7,14.9,3,7.9,53.6,3060,59120,196513200,"Master's degree","None",0.44,2190
"217","Hoist and Winch Operators",16.8,59.1,12.3,6.9,4.6,0.4,0,75.9,19.2,0.4,3080,43210,169122800,"No formal educational credential","None",0.65,1910
"218","Home Appliance Repairers",11.9,38.4,31.3,11.8,5.3,1,0.2,50.3,43.1,1.2,32250,38160,1315477500,"High school diploma or equivalent","None",0.72,32330
"219","Home Health Aides",13.1,35.7,31.6,10.1,7.4,1.4,0.8,48.8,41.7,2.2,820960,23210,19932908800,"High school diploma or equivalent","None",0.39,814290
"220","Human Resources Managers",2.5,11.3,18.4,8.3,36.9,19.8,2.9,13.8,26.7,22.7,136310,110120,16835648100,"Bachelor's degree","5 years or more",0.0055,129820
"221","Hydrologists",0,0,0,0,52.4,36.3,11.3,0,0,47.6,6350,79990,535241500,"Bachelor's degree","None",0.014,5990
"222","Industrial Engineering Technicians",3.5,22.4,31,22.6,17.1,2.9,0.6,25.9,53.6,3.5,65020,54280,3758806200,"Associate's degree","None",0.03,60810
"223","Industrial Engineers",0.7,7,12.5,8.6,50.8,18.4,2.1,7.7,21.1,20.5,265520,85880,23987076800,"Bachelor's degree","None",0.029,256560
"224","Industrial Machinery Mechanics",10.4,41.8,28,13.4,5.6,0.7,0.1,52.2,41.4,0.8,341260,51360,18124318600,"High school diploma or equivalent","None",0.67,334480
"225","Industrial Production Managers",4.7,21.6,21.2,8.5,31,11.9,1.1,26.3,29.7,13,171520,100580,18966681600,"Bachelor's degree","5 years or more",0.03,168410
"226","Industrial Truck and Tractor Operators",20.4,51.9,20.2,4.3,2.9,0.2,0,72.3,24.5,0.2,570300,33630,20171511000,"No formal educational credential","None",0.93,542770
"227","Industrial-Organizational Psychologists",0,0,0,0,6.8,42.7,50.5,0,0,93.2,920,87100,94327600,"Master's degree","None",0.012,560
"228","Instructional Coordinators",0.4,5,7.2,4.7,30.3,42.9,9.5,5.4,11.9,52.4,157490,63750,10501433200,"Master's degree","5 years or more",0.0042,147310
"229","Insurance Claims and Policy Processing Clerks",1.7,23.8,33.7,12,24.3,3.8,0.7,25.5,45.7,4.5,277130,38790,11387271700,"High school diploma or equivalent","None",0.98,274350
"230","Insurance Sales Agents",1.5,14.9,26.5,9.7,38.9,7,1.5,16.4,36.2,8.5,386320,49710,25879576800,"High school diploma or equivalent","None",0.92,385720
"231","Insurance Underwriters",0.6,13.3,19.3,8.7,46.5,9.1,2.5,13.9,28,11.6,89910,69760,6982410600,"Bachelor's degree","None",0.99,90310
"232","Interior Designers",2.3,9.5,16.7,12.5,48.2,9.3,1.5,11.8,29.2,10.8,56070,51500,3263834700,"Bachelor's degree","None",0.022,53140
"233","Interpreters and Translators",2.7,12.2,18.7,13.5,32.6,15.6,4.7,14.9,32.2,20.3,53150,47190,2752638500,"Bachelor's degree","None",0.38,49810
"234","Jewelers and Precious Stone and Metal Workers",15.7,27,23.1,8.7,20.5,3.9,1.1,42.7,31.8,5,25710,37960,1084447800,"High school diploma or equivalent","None",0.95,25820
"235","Judicial Law Clerks",0.1,0.5,5.1,3,13.7,2.2,75.4,0.6,8.1,77.6,15260,51330,883859200,"Doctoral or professional degree","None",0.41,9470
"236","Landscape Architects",0.2,1.5,4.1,2.8,48.8,35.2,7.4,1.7,6.9,42.6,19040,65760,1349555200,"Bachelor's degree","None",0.045,19050
"237","Landscaping and Groundskeeping Workers",37.8,35.8,14.8,4.4,6.2,1,0.1,73.6,19.2,1.1,912360,27670,27097092000,"No formal educational credential","None",0.95,906620
"238","Laundry and Dry-Cleaning Workers",35.2,41.6,14.2,3.8,4.2,0.9,0.1,76.8,18,1,209350,22370,4976249500,"No formal educational credential","None",0.71,207730
"239","Lawyers",0.2,0.4,0.6,0.5,5,4.4,88.9,0.6,1.1,93.3,628370,119250,89159419300,"Doctoral or professional degree","None",0.035,619560
"240","Legal Secretaries",2.3,27.4,32.3,14.7,19.3,3.5,0.6,29.7,47,4.1,185870,44730,9033282000,"High school diploma or equivalent","None",0.98,191200
"241","Librarians",0.2,1.9,8.4,4.5,23.3,56.8,4.9,2.1,12.9,61.7,126800,58520,7704368000,"Master's degree","None",0.65,129310
"242","Library Technicians",3.1,31.6,17.8,9.8,24.3,12.2,1.2,34.7,27.6,13.4,90030,33690,3196965300,"Postsecondary nondegree award","None",0.99,93400
"243","Licensed Practical and Licensed Vocational Nurses",1.7,22.6,53.7,16.9,4.1,0.6,0.3,24.3,70.6,0.9,702700,45030,32120417000,"Postsecondary nondegree award","None",0.058,702380
"244","Light Truck or Delivery Services Drivers",16.3,47.6,23.5,6.1,5.4,0.9,0.3,63.9,29.6,1.2,877670,31450,31253828700,"High school diploma or equivalent","None",0.69,858730
"245","Loan Interviewers and Clerks",1.6,23.4,37.2,11,23.9,2.6,0.4,25,48.2,3,227430,39060,9235932300,"High school diploma or equivalent","None",0.92,224360
"246","Loan Officers",1.1,14.3,24.4,9.7,40.1,9,1.3,15.4,34.1,10.3,307240,64660,23940140800,"Bachelor's degree","None",0.98,296800
"247","Locksmiths and Safe Repairers",9.2,46.6,29.1,8.4,4.9,1.2,0.5,55.8,37.5,1.7,17500,40680,747775000,"High school diploma or equivalent","None",0.77,18430
"248","Locomotive Engineers",3.2,36.7,37.2,11,11.1,0.8,0,39.9,48.2,0.8,35680,60990,2354166400,"High school diploma or equivalent","Less than 5 years",0.96,28240
"249","Locomotive Firers",3.2,36.7,37.2,11,11.1,0.8,0,39.9,48.2,0.8,670,60360,41687400,"High school diploma or equivalent","None",0.93,490
"250","Lodging Managers",3,16.9,26.3,10.6,33.6,8,1.5,19.9,36.9,9.5,36610,51800,2182688200,"High school diploma or equivalent","Less than 5 years",0.0039,35390
"251","log Graders and Scalers",31.6,48,11.9,3.7,3.3,1.5,0,79.6,15.6,1.5,3010,37880,116517100,"High school diploma or equivalent","None",0.97,2670
"252","Logging Equipment Operators",31.6,48,11.9,3.7,3.3,1.5,0,79.6,15.6,1.5,26010,38390,1035718200,"High school diploma or equivalent","None",0.79,26720
"253","Logisticians",1.8,14.5,26.6,12.8,33.1,10.4,0.8,16.3,39.4,11.2,159800,74590,12582652000,"Bachelor's degree","None",0.012,144320
"254","Machine Feeders and Offbearers",25.5,45.8,17.9,6,4.1,0.6,0.2,71.3,23.9,0.8,74350,28510,2283288500,"No formal educational credential","None",0.93,80050
"255","Machinists",10.8,44.1,28.6,11.8,4.4,0.3,0.1,54.9,40.4,0.4,378320,42600,16706611200,"High school diploma or equivalent","None",0.65,391110
"256","Maids and Housekeeping Cleaners",37.4,39,14.3,4.2,4.2,0.6,0.2,76.4,18.5,0.8,922660,22860,22725115800,"No formal educational credential","None",0.69,924640
"257","Management Analysts",0.7,4.8,11.5,4.7,42.3,28.7,7.3,5.5,16.2,36,659200,82450,61595648000,"Bachelor's degree","Less than 5 years",0.13,619430
"258","Manicurists and Pedicurists",22.9,37,21.1,7.6,9.5,1.6,0.3,59.9,28.7,1.9,104020,23230,2598419600,"Postsecondary nondegree award","None",0.95,88360
"259","Manufactured Building and Mobile Home Installers",13,39.9,26.6,10.3,8.2,1.7,0.2,52.9,36.9,1.9,2750,30960,87477500,"High school diploma or equivalent","None",0.18,1870
"260","Marine Engineers and Naval Architects",2.1,6.2,7.7,8.9,53.1,20.2,1.8,8.3,16.6,22,10960,90970,1062133600,"Bachelor's degree","None",0.01,7220
"261","Market Research Analysts and Marketing Specialists",0.7,3.8,9.4,5.3,54.3,23.4,3.1,4.5,14.7,26.5,596450,63230,42616352500,"Bachelor's degree","None",0.61,547820
"262","Marketing Managers",0.9,7.4,15.7,6.5,50.5,17.4,1.6,8.3,22.2,19,218970,132230,31886411400,"Bachelor's degree","5 years or more",0.014,205900
"263","Marriage and Family Therapists",1.1,5.1,8.3,5,25.1,50.4,5,6.2,13.3,55.4,42880,48790,2309516800,"Master's degree","None",0.014,36180
"264","Massage Therapists",2.9,18.8,34.5,18.3,19.6,3.9,2,21.7,52.8,5.9,103300,39990,4643335000,"Postsecondary nondegree award","None",0.54,95820
"265","Materials Engineers",0.6,5.9,12,8.5,45,20.9,7.1,6.5,20.5,28,27200,94610,2682192000,"Bachelor's degree","None",0.021,24370
"266","Materials Scientists",0.5,2,2.7,1.2,53,21.7,18.8,2.5,3.9,40.5,7470,99530,761267700,"Bachelor's degree","None",0.021,6830
"267","Mathematicians",0,0,4.1,2.3,30.2,40.6,22.8,0,6.4,63.4,2730,103010,285831000,"Master's degree","None",0.047,2210
"268","Mechanical Door Repairers",6.1,45,33.3,10.5,4.5,0.5,0,51.1,43.8,0.5,21010,39510,871074600,"High school diploma or equivalent","None",0.91,17680
"269","Mechanical Drafters",0.8,11.1,28,32.8,22.8,3.9,0.6,11.9,60.8,4.5,58190,55130,3383748500,"Associate's degree","None",0.68,63620
"270","Mechanical Engineering Technicians",3.5,22.4,31,22.6,17.1,2.9,0.6,25.9,53.6,3.5,43390,55360,2524430200,"Associate's degree","None",0.38,45360
"271","Mechanical Engineers",0.8,3.8,9.1,9.8,51.9,21.1,3.5,4.6,18.9,24.6,291290,85880,26653035000,"Bachelor's degree","None",0.011,285840
"272","Medical and Health Services Managers",1.3,8,15.9,11.9,30.6,24.3,8.1,9.3,27.8,32.4,346980,98350,38750726400,"Bachelor's degree","Less than 5 years",0.0073,332140
"273","Medical Appliance Technicians",6.2,29.5,31.7,17.7,12.3,1.5,1,35.7,49.4,2.5,13640,37190,551874400,"High school diploma or equivalent","None",0.45,14240
"274","Medical Assistants",1.9,20.2,40,25.6,9.6,1.6,1.1,22.1,65.6,2.7,646320,32480,21703425600,"Postsecondary nondegree award","None",0.3,623600
"275","Medical Equipment Preparers",8.6,36.9,28,12,11.4,2.2,0.9,45.5,40,3.1,53920,35370,1998275200,"High school diploma or equivalent","None",0.78,52520
"276","Medical Equipment Repairers",3.9,23.3,28.7,20.7,18.6,3.9,0.9,27.2,49.4,4.8,43670,48820,2282194200,"Associate's degree","None",0.27,42200
"277","Medical Records and Health Information Technicians",1.8,19.7,32.1,23.5,18.1,3.7,1.2,21.5,55.6,4.9,204220,39180,8744700400,"Postsecondary nondegree award","None",0.91,200130
"278","Medical Secretaries",2.3,27.4,32.3,14.7,19.3,3.5,0.6,29.7,47,4.1,576520,34610,20679772400,"High school diploma or equivalent","None",0.81,556800
"279","Medical Transcriptionists",0.3,22.6,38.9,20,15.5,2.4,0.4,22.9,58.9,2.8,55880,35250,2034032000,"Postsecondary nondegree award","None",0.89,54100
"280","Mental Health and Substance Abuse Social Workers",1.1,5.8,9.4,6,40.8,35.1,1.8,6.9,15.4,36.9,112040,43250,5358873200,"Master's degree","None",0.0031,111370
"281","Merchandise Displayers and Window Trimmers",2.3,9.5,16.7,12.5,48.2,9.3,1.5,11.8,29.2,10.8,120870,27680,3739717800,"High school diploma or equivalent","None",0.48,112090
"282","Metal-Refining Furnace Operators and Tenders",14.1,56.1,20.5,6.1,2.8,0.2,0.1,70.2,26.6,0.3,17610,41300,735569700,"High school diploma or equivalent","None",0.88,16300
"283","Microbiologists",0,0,0,0,47.5,31.4,21,0,0,52.4,21870,69960,1714608000,"Bachelor's degree","None",0.012,19620
"284","Millwrights",9.7,44.3,31.2,11.4,3,0.5,0,54,42.6,0.5,41360,53980,2286794400,"High school diploma or equivalent","None",0.59,38900
"285","Mine Cutting and Channeling Machine Operators",14.8,51.9,24.1,4.4,4.1,0.7,0,66.7,28.5,0.7,5400,52270,282744000,"High school diploma or equivalent","None",0.59,4110
"286","Mine Shuttle Car Operators",16.9,46.9,23.1,7,5.5,0.7,0.1,63.8,30.1,0.8,1550,56890,87590500,"No formal educational credential","None",0.37,1370
"287","Models",7.6,31.1,29.9,8.2,17.7,4.4,1,38.7,38.1,5.4,3710,22900,118237700,"No formal educational credential","None",0.98,2810
"288","Motion Picture Projectionists",3.3,25.2,23.7,16.1,24.4,7.4,0,28.5,39.8,7.4,5700,22050,141303000,"No formal educational credential","None",0.97,4810
"289","Motorboat Mechanics and Service Technicians",18.1,40.7,25.2,10.5,4.2,1.1,0.2,58.8,35.7,1.3,21160,38960,874966000,"High school diploma or equivalent","None",0.66,20120
"290","Motorboat Operators",8.7,31.7,26.1,7.7,20,4,1.7,40.4,33.8,5.7,2510,44600,115133700,"Postsecondary nondegree award","Less than 5 years",0.62,2170
"291","Motorcycle Mechanics",18.1,40.7,25.2,10.5,4.2,1.1,0.2,58.8,35.7,1.3,15850,35680,606579500,"Postsecondary nondegree award","None",0.79,15850
"292","Multimedia Artists and Animators",2.5,11.3,18.7,8.4,46.4,11.3,1.4,13.8,27.1,12.7,29860,70530,2286081600,"Bachelor's degree","None",0.015,29690
"293","Museum Technicians and Conservators",0.6,5.5,8.5,3.7,30.8,42.7,8.3,6.1,12.2,51,12290,40670,552681300,"Bachelor's degree","None",0.59,10790
"294","Music Directors and Composers",3.5,13.8,20.4,4.9,32.8,19.5,5.1,17.3,25.3,24.6,15400,50590,946946000,"Bachelor's degree","Less than 5 years",0.015,18090
"295","Musical Instrument Repairers and Tuners",3.9,23.3,28.7,20.7,18.6,3.9,0.9,27.2,49.4,4.8,8240,36530,321689600,"High school diploma or equivalent","None",0.91,6600
"296","Natural Sciences Managers",0.9,1.2,3.4,3,33.2,34.7,23.7,2.1,6.4,58.4,56210,118970,7513590700,"Bachelor's degree","5 years or more",0.018,53500
"297","Network and Computer Systems Administrators",0.4,7.2,23.3,15.1,40.7,12,1.2,7.6,38.4,13.2,375040,81100,32380953600,"Bachelor's degree","None",0.03,376820
"298","New Accounts Clerks",1.3,18.7,37.2,10.9,29.2,2.3,0.4,20,48.1,2.7,41680,35260,1523820800,"High school diploma or equivalent","None",0.99,41430
"299","Nonfarm Animal Caretakers",8.2,32.7,27.4,10.2,17.8,2.8,1,40.9,37.6,3.8,190520,22950,4795388400,"High school diploma or equivalent","None",0.82,186670
"300","Nuclear Engineers",0.4,2.9,7.8,6.9,47.9,26.9,7.2,3.3,14.7,34.1,16700,105810,1818797000,"Bachelor's degree","None",0.07,13790
"301","Nuclear Medicine Technologists",1.3,6.1,17.1,43.2,26.7,4,1.6,7.4,60.3,5.6,18930,75660,1470103800,"Associate's degree","None",0.13,19630
"302","Nuclear Power Reactor Operators",1.1,28.2,32.6,18.2,17.3,2.4,0.3,29.3,50.8,2.7,6010,93370,567043500,"High school diploma or equivalent","None",0.95,3100
"303","Nuclear Technicians",3.4,22.4,21.9,16.8,26,6.4,3,25.8,38.7,9.4,6850,80370,548000000,"Associate's degree","None",0.85,4490
"304","Occupational Health and Safety Specialists",1.9,11.4,14.2,7.8,36.8,25,2.8,13.3,22,27.8,81330,71780,5985888000,"Bachelor's degree","None",0.17,76640
"305","Occupational Health and Safety Technicians",1.9,11.4,14.2,7.8,36.8,25,2.8,13.3,22,27.8,17490,49960,943235700,"High school diploma or equivalent","None",0.25,16390
"306","Occupational Therapists",0.3,1.2,1.4,6,39.1,46.1,5.9,1.5,7.4,52,126050,83200,10668872000,"Master's degree","None",0.0035,118060
"307","Occupational Therapy Aides",0,0.7,6.1,75.7,15.4,1.3,0.8,0.7,81.8,2.1,7740,29200,261457200,"High school diploma or equivalent","None",0.27,6830
"308","Occupational Therapy Assistants",0,0.7,6.1,75.7,15.4,1.3,0.8,0.7,81.8,2.1,41650,59310,2476925500,"Associate's degree","None",0.028,38170
"309","Operating Engineers and Other Construction Equipment Operators",20.3,50.9,20.8,4.9,2.8,0.2,0.1,71.2,25.7,0.3,365300,47040,18955417000,"High school diploma or equivalent","None",0.95,356750
"310","Operations Research Analysts",0.4,5.8,13.3,6.2,41.1,28.4,4.7,6.2,19.5,33.1,106050,81390,9174385500,"Bachelor's degree","None",0.035,108400
"311","Ophthalmic Laboratory Technicians",6.2,29.5,31.7,17.7,12.3,1.5,1,35.7,49.4,2.5,30100,30960,1024303000,"High school diploma or equivalent","None",0.97,27860
"312","Optometrists",0,0,0,0,0,1.9,98.1,0,0,100,37240,110300,4435284000,"Doctoral or professional degree","None",0.14,36420
"313","Order Clerks",9.7,32.6,27,10.1,17.6,2.5,0.6,42.3,37.1,3.1,169120,33510,5975009600,"High school diploma or equivalent","None",0.98,176860
"314","Orthotists and Prosthetists",2.5,17.1,31.9,17.1,22.3,6.4,2.7,19.6,49,9.1,7840,66240,556404800,"Master's degree","None",0.0035,6260
"315","Outdoor Power Equipment and Other Small Engine Mechanics",18.1,40.7,25.2,10.5,4.2,1.1,0.2,58.8,35.7,1.3,31300,34370,1127426000,"High school diploma or equivalent","None",0.93,32990
"316","Packaging and Filling Machine Operators and Tenders",34.4,40.6,16.1,4.2,4.1,0.4,0.2,75,20.3,0.6,392910,29350,12569190900,"High school diploma or equivalent","None",0.98,386510
"317","Paperhangers",35,39.2,15.6,4.2,4.8,0.9,0.2,74.2,19.8,1.1,2710,37030,110920300,"No formal educational credential","None",0.87,1810
"318","Paralegals and Legal Assistants",1,10.6,24.1,20,34.9,6.2,3.2,11.6,44.1,9.4,290410,50410,15656003100,"Associate's degree","None",0.94,266740
"319","Parking Enforcement Workers",2.2,21.3,26.3,15,29.8,5.4,0,23.5,41.3,5.4,8660,39030,353674400,"High school diploma or equivalent","None",0.84,8140
"320","Parking Lot Attendants",15.3,36.8,24.1,9.8,11.3,2.4,0.3,52.1,33.9,2.7,145400,22810,3537582000,"No formal educational credential","None",0.87,145820
"321","Parts Salespersons",8.7,46.8,28.2,9.5,5.9,0.6,0.3,55.5,37.7,0.9,252770,29380,8321188400,"No formal educational credential","None",0.98,248730
"322","Payroll and Timekeeping Clerks",1.9,27.1,34.8,13.9,18.9,3.2,0.3,29,48.7,3.5,152990,43890,6876900500,"High school diploma or equivalent","None",0.97,159640
"323","Personal Care Aides",16.4,34.2,27.6,8.7,10.2,2.3,0.6,50.6,36.3,2.9,2035610,23100,49058201000,"High school diploma or equivalent","None",0.74,1492220
"324","Personal Financial Advisors",0.3,3.9,10.7,5,51.8,22.8,5.6,4.2,15.7,28.4,200920,90640,24942208800,"Bachelor's degree","None",0.58,201120
"325","Pest Control Workers",7.4,45.8,27.7,7.7,10,1.1,0.2,53.2,35.4,1.3,75130,34370,2750509300,"High school diploma or equivalent","None",0.66,72790
"326","Petroleum Engineers",0.3,5.2,7.6,2.9,54.8,24.5,4.6,5.5,10.5,29.1,32010,132280,4954507800,"Bachelor's degree","None",0.16,31510
"327","Pharmacists",0,0,1.2,1.2,33.8,6.4,57.4,0,2.4,63.8,309330,124170,37648554300,"Doctoral or professional degree","None",0.012,305520
"328","Pharmacy Aides",4.7,26.8,34.5,11.3,17,2,3.9,31.5,45.8,5.9,35960,26120,1043918800,"High school diploma or equivalent","None",0.72,35840
"329","Pharmacy Technicians",1.8,20.1,34.7,21.6,18.2,2.5,1.1,21.9,56.3,3.6,417720,31750,13809823200,"High school diploma or equivalent","None",0.92,398410
"330","Photographers",2.2,12,24.1,10.5,42.1,8,1.1,14.2,34.6,9.1,49320,32490,2068480800,"High school diploma or equivalent","None",0.021,48660
"331","Photographic Process Workers and Processing Machine Operators",6.1,25.9,21.6,10.4,30.4,4.7,0.9,32,32,5.6,22450,27480,737931500,"High school diploma or equivalent","None",0.99,26200
"332","Physical Therapist Aides",1.5,6.1,13.4,51.8,23.5,2.4,1.4,7.6,65.2,3.8,49290,25730,1375683900,"High school diploma or equivalent","None",0.61,50010
"333","Physical Therapist Assistants",1.5,6.1,13.4,51.8,23.5,2.4,1.4,7.6,65.2,3.8,90170,57430,5195595400,"Associate's degree","None",0.018,85590
"334","Physical Therapists",0.4,0.8,1.2,4.1,31.1,24.9,37.5,1.2,5.3,62.4,225420,86850,19854993600,"Doctoral or professional degree","None",0.021,216950
"335","Physician Assistants",0.4,0.6,2.2,4.5,16.5,58.6,17.2,1,6.7,75.8,109220,104860,11441887200,"Master's degree","None",0.14,104100
"336","Physicists",0,0,0,0,18.1,27.7,54.1,0,0,81.8,16710,118830,2056666800,"Doctoral or professional degree","None",0.1,16350
"337","Pile-Driver Operators",20.3,50.9,20.8,4.9,2.8,0.2,0.1,71.2,25.7,0.3,3710,57650,236586700,"High school diploma or equivalent","None",0.82,2970
"338","Pipelayers",16.5,46.5,24.6,7.3,4.4,0.5,0.2,63,31.9,0.7,38690,38400,1671794900,"No formal educational credential","None",0.62,39320
"339","Plasterers and Stucco Masons",46.3,39.4,10.1,1.7,2.3,0.1,0.1,85.7,11.8,0.2,24180,40750,1098013800,"No formal educational credential","None",0.84,21100
"340","Podiatrists",0,0,0,0,0,1.7,98.3,0,0,100,9670,127740,1435704900,"Doctoral or professional degree","None",0.0046,9320
"341","Political Scientists",0,3,5.5,2.4,35.6,38.7,14.9,3,7.9,53.6,6320,115110,708029600,"Master's degree","None",0.039,5960
"342","Postal Service Clerks",3.4,31,38.3,11.5,13.7,1.8,0.1,34.4,49.8,1.9,82890,58550,4122119700,"High school diploma or equivalent","None",0.95,82010
"343","Postal Service Mail Carriers",2.9,34.4,35.9,12.2,12.7,1.5,0.4,37.3,48.1,1.9,336900,57000,16851738000,"High school diploma or equivalent","None",0.68,329030
"344","Postmasters and Mail Superintendents",2.8,13.8,18.6,7.5,36,17.7,3.6,16.6,26.1,21.3,13960,74840,1056213600,"High school diploma or equivalent","Less than 5 years",0.75,14760
"345","Power Distributors and Dispatchers",1.1,28.2,32.6,18.2,17.3,2.4,0.3,29.3,50.8,2.7,12110,82510,996774100,"High school diploma or equivalent","None",0.64,11080
"346","Power Plant Operators",1.1,28.2,32.6,18.2,17.3,2.4,0.3,29.3,50.8,2.7,34170,77180,2595894900,"High school diploma or equivalent","None",0.85,34520
"347","Prepress Technicians and Workers",11.5,30.4,26.4,13.3,14.9,2.9,0.6,41.9,39.7,3.5,31500,39910,1315755000,"Postsecondary nondegree award","None",0.97,32800
"348","Print Binding and Finishing Workers",12,48.1,22.3,9.9,6.7,0.8,0.2,60.1,32.2,1,48680,32040,1657067200,"High school diploma or equivalent","None",0.95,52590
"349","Printing Press Operators",11.3,46.8,25.2,7.4,8.5,0.7,0.2,58.1,32.6,0.9,171130,35760,6478981800,"High school diploma or equivalent","None",0.83,169930
"350","Private Detectives and Investigators",0.6,7.6,20.9,8.8,45.9,13.4,2.7,8.2,29.7,16.1,30980,50700,1706378400,"High school diploma or equivalent","Less than 5 years",0.31,25750
"351","Probation Officers and Correctional Treatment Specialists",0.7,5.7,11.7,5,57.6,18.1,1.1,6.4,16.7,19.2,87700,51410,4966451000,"Bachelor's degree","None",0.25,84580
"352","Procurement Clerks",2,21.1,25.9,8.9,29.3,12.1,0.6,23.1,34.8,12.7,70510,41910,2983983200,"High school diploma or equivalent","None",0.98,72100
"353","Producers and Directors",0.8,5.1,13.2,5.2,59.2,13.9,2.5,5.9,18.4,16.4,117520,71620,10667290400,"Bachelor's degree","Less than 5 years",0.022,114530
"354","Proofreaders and Copy Markers",1.2,7.2,24.7,4.6,44,16.5,1.8,8.4,29.3,18.3,11420,37550,461482200,"Bachelor's degree","None",0.84,9480
"355","Prosthodontists",0,0,0,0,0,2.4,97.6,0,0,100,430,185150,84692800,"Doctoral or professional degree","None",0.055,0
"356","Psychiatric Aides",13.1,35.7,31.6,10.1,7.4,1.4,0.8,48.8,41.7,2.2,65770,27110,1929034100,"High school diploma or equivalent","None",0.47,65190
"357","Psychiatric Technicians",1.8,20.1,34.7,21.6,18.2,2.5,1.1,21.9,56.3,3.6,66930,31670,2414165100,"Postsecondary nondegree award","Less than 5 years",0.043,61140
"358","Public Address System and Other Announcers",3.9,18.9,25.7,8.7,36.1,5.3,1.5,22.8,34.4,6.8,7920,28440,330580800,"High school diploma or equivalent","None",0.72,7110
"359","Public Relations and Fundraising Managers",0.2,1.5,7.6,2.8,58.5,25.5,3.8,1.7,10.4,29.3,67300,111280,8593537000,"Bachelor's degree","5 years or more",0.015,63950
"360","Public Relations Specialists",0.8,3.4,8.8,4,57.2,21.9,3.9,4.2,12.8,25.8,233730,59300,15891302700,"Bachelor's degree","None",0.18,226940
"361","Purchasing Managers",0.8,10.8,19.2,7.7,39.9,18.5,3.1,11.6,26.9,21.6,70430,115760,8579078300,"Bachelor's degree","5 years or more",0.03,70270
"362","Radiation Therapists",0,2.7,8.9,31.7,45.9,8.2,2.6,2.7,40.6,10.8,17250,80570,1469527500,"Associate's degree","None",0.34,17130
"363","Radio and Television Announcers",3.9,18.9,25.7,8.7,36.1,5.3,1.5,22.8,34.4,6.8,28580,32450,1361265400,"Bachelor's degree","None",0.1,29120
"364","Radio Operators",1.3,17.9,29.4,16.7,30.4,3.7,0.5,19.2,46.1,4.2,770,44330,34257300,"High school diploma or equivalent","None",0.98,310
"365","Rail Car Repairers",13.1,44.7,25.4,12,3.7,0.6,0.3,57.8,37.4,0.9,24090,57460,1358194200,"High school diploma or equivalent","None",0.88,19390
"366","Rail-Track Laying and Maintenance Equipment Operators",10.6,53.6,27.1,5,3.7,0,0,64.2,32.1,0,15070,56060,849345200,"High school diploma or equivalent","None",0.89,12920
"367","Railroad Conductors and Yardmasters",2.6,33.1,36.3,12.2,13.3,1.7,0.8,35.7,48.5,2.5,44490,60300,2819331300,"High school diploma or equivalent","None",0.83,32150
"368","Real Estate Brokers",1.4,12.3,26.4,10.2,38.1,9.7,2.1,13.7,36.6,11.8,40530,56730,3076632300,"High school diploma or equivalent","Less than 5 years",0.97,40630
"369","Real Estate Sales Agents",1.4,12.3,26.4,10.2,38.1,9.7,2.1,13.7,36.6,11.8,147960,45990,8822854800,"High school diploma or equivalent","None",0.86,151710
"370","Receptionists and Information Clerks",4.1,32.8,34.1,12.6,13.6,2.5,0.3,36.9,46.7,2.8,1014900,28390,30081636000,"High school diploma or equivalent","None",0.96,997760
"371","Recreation Workers",2.4,14.8,24,10.1,37.5,9.9,1.4,17.2,34.1,11.3,352350,24540,9848182500,"High school diploma or equivalent","None",0.0061,336910
"372","Recreational Therapists",0.8,5.7,6.8,7.2,65.3,12.3,1.7,6.5,14,14,18490,47680,918398300,"Bachelor's degree","None",0.0028,18080
"373","Recreational Vehicle Service Technicians",24.9,43,20.3,5.4,5.4,0.8,0.1,67.9,25.7,0.9,14780,37200,578784800,"High school diploma or equivalent","None",0.59,13410
"374","Refuse and Recyclable Material Collectors",25.8,48.2,16.7,4.9,3.9,0.6,0.1,74,21.6,0.7,115130,36160,4480859600,"No formal educational credential","None",0.93,114650
"375","Registered Nurses",0.3,1,5,33,49.6,9.2,1.8,1.3,38,11,2906840,70000,213798082000,"Bachelor's degree","None",0.009,0
"376","Rehabilitation Counselors",1.1,5.1,8.3,5,25.1,50.4,5,6.2,13.3,55.4,103840,34860,4044568000,"Master's degree","None",0.0094,103030
"377","Reinforcing Iron and Rebar Workers",35.6,43.4,14.6,3.1,2.5,0.6,0.3,79,17.7,0.9,18480,46850,1002909600,"High school diploma or equivalent","None",0.9,19570
"378","Reporters and Correspondents",0.7,2.3,8.5,3.9,61.4,20.8,2.4,3,12.4,23.2,38790,39370,1999624500,"Bachelor's degree","None",0.11,40080
"379","Reservation and Transportation Ticket Agents and Travel Clerks",2.1,24.5,33.4,11.1,25.1,3.2,0.6,26.6,44.5,3.8,148220,36280,5906567000,"High school diploma or equivalent","None",0.61,135780
"380","Residential Advisors",3,18.5,30.9,13.7,24.1,9,0.8,21.5,44.6,9.8,110720,26830,3194272000,"High school diploma or equivalent","None",0.064,110330
"381","Respiratory Therapists",0.3,1.2,12.7,54.4,27.6,2.8,1,1.5,67.1,3.8,128250,59710,7927132500,"Associate's degree","None",0.066,126820
"382","Respiratory Therapy Technicians",1.8,20.1,34.7,21.6,18.2,2.5,1.1,21.9,56.3,3.6,9600,50350,488640000,"Associate's degree","None",0.1,10150
"383","Retail Salespersons",6.8,29.2,28.2,10.3,21.2,3.8,0.7,36,38.5,4.5,4442090,23210,121979791400,"No formal educational credential","None",0.92,4528570
"384","Riggers",11.7,53.7,18.7,10.6,4.9,0.4,0,65.4,29.3,0.4,21000,48580,1055670000,"High school diploma or equivalent","None",0.89,20500
"385","Roofers",46.8,36.7,11.4,1.7,3,0.3,0.1,83.5,13.1,0.4,121170,38970,5183652600,"No formal educational credential","None",0.9,116160
"386","Sailors and Marine Oilers",11.9,37.2,30.2,4.9,13.5,2.4,0,49.1,35.1,2.4,30940,40730,1440566400,"No formal educational credential","None",0.83,28420
"387","Sales Engineers",0,4.8,14.8,9.1,57.2,13,1.1,4.8,23.9,14.1,70820,98720,7574199000,"Bachelor's degree","None",0.0041,73930
"388","Sales Managers",0.9,7.4,15.7,6.5,50.5,17.4,1.6,8.3,22.2,19,371410,121060,51124586500,"Bachelor's degree","Less than 5 years",0.013,365250
"389","Security and Fire Alarm Systems Installers",8.6,39.5,29.7,12.4,8.5,1,0.4,48.1,42.1,1.4,69830,45670,3288993000,"High school diploma or equivalent","None",0.82,67620
"390","Security Guards",6.1,35.3,32.1,10.3,13.2,2.7,0.4,41.4,42.4,3.1,1105440,26900,33970171200,"High school diploma or equivalent","None",0.84,1103150
"391","Self-Enrichment Education Teachers",1.8,10.2,18.4,8.5,35.9,20.5,4.7,12,26.9,25.2,238710,38440,10653627300,"High school diploma or equivalent","Less than 5 years",0.13,224490
"392","Semiconductor Processors",19.4,46.4,20.7,6.6,5.7,0.9,0.2,65.8,27.3,1.1,23540,36580,914764400,"High school diploma or equivalent","None",0.88,14990
"393","Septic Tank Servicers and Sewer Pipe Cleaners",22.3,39.1,23.5,7.1,6.7,1.1,0.2,61.4,30.6,1.3,26250,37950,1065487500,"High school diploma or equivalent","None",0.83,25430
"394","Set and Exhibit Designers",2.3,9.5,16.7,12.5,48.2,9.3,1.5,11.8,29.2,10.8,11490,53090,684689100,"Bachelor's degree","None",0.0055,11610
"395","Sewing Machine Operators",40.1,36.1,13.7,4.2,4.8,0.8,0.1,76.2,17.9,0.9,136530,24320,3583912500,"No formal educational credential","None",0.89,139510
"396","Shampooers",22.9,37,21.1,7.6,9.5,1.6,0.3,59.9,28.7,1.9,13330,20320,288594500,"No formal educational credential","None",0.79,14390
"397","Sheet Metal Workers",14,48.8,24.6,8,4,0.4,0.1,62.8,32.6,0.5,132920,47990,6925132000,"High school diploma or equivalent","None",0.82,134440
"398","Ship Engineers",11.9,37.2,30.2,4.9,13.5,2.4,0,49.1,35.1,2.4,7890,73110,615183300,"Postsecondary nondegree award","Less than 5 years",0.041,5990
"399","Shoe and Leather Workers and Repairers",24.3,43.8,18.2,3,6,3.7,1.1,68.1,21.2,4.8,7180,25610,197809000,"High school diploma or equivalent","None",0.52,6930
"400","Shoe Machine Operators and Tenders",24.3,43.8,18.2,3,6,3.7,1.1,68.1,21.2,4.8,3500,27420,96355000,"High school diploma or equivalent","None",0.97,430
"401","Signal and Track Switch Repairers",13,39.9,26.6,10.3,8.2,1.7,0.2,52.9,36.9,1.9,8300,68400,545725000,"High school diploma or equivalent","None",0.9,5910
"402","Skincare Specialists",22.9,37,21.1,7.6,9.5,1.6,0.3,59.9,28.7,1.9,44940,30080,1578742200,"Postsecondary nondegree award","None",0.29,43510
"403","Slaughterers and Meat Packers",34,39.7,17.7,4.4,3.5,0.5,0.1,73.7,22.1,0.6,77570,27530,2158773100,"No formal educational credential","None",0.6,67150
"404","Social and Community Service Managers",0.9,7.3,13.9,5.5,38.3,28.6,5.5,8.2,19.4,34.1,141830,64100,10003269900,"Bachelor's degree","Less than 5 years",0.0067,126230
"405","Social and Human Service Assistants",2.6,15.3,25,10.6,31.8,13,1.7,17.9,35.6,14.7,384080,33120,13619476800,"High school diploma or equivalent","None",0.13,360720
"406","Social Science Research Assistants",3.2,15,21,13.5,32.3,11.5,3.5,18.2,34.5,15,31500,46000,1544445000,"Bachelor's degree","None",0.65,29760
"407","Sociologists",0,3,5.5,2.4,35.6,38.7,14.9,3,7.9,53.6,2770,79650,238580100,"Master's degree","None",0.059,2650
"408","Soil and Plant Scientists",0,0,0,0,53.5,30,16.5,0,0,46.5,14180,62430,980830600,"Bachelor's degree","None",0.021,14510
"409","Sound Engineering Technicians",1.3,17.9,29.4,16.7,30.4,3.7,0.5,19.2,46.1,4.2,13370,55810,911566600,"Postsecondary nondegree award","None",0.13,14030
"410","Speech-Language Pathologists",0.3,1.1,0.6,0.9,10.3,83.5,3.4,1.4,1.5,86.9,142360,76610,11356057200,"Master's degree","None",0.0064,136010
"411","Stationary Engineers and Boiler Operators",6.5,39,30.7,10.9,10.1,2.1,0.7,45.5,41.6,2.8,32790,59890,2056260900,"High school diploma or equivalent","None",0.89,33710
"412","Statistical Assistants",4.9,27.3,26.6,10.9,21.2,7.9,1.2,32.2,37.5,9.1,10110,47400,496299900,"Bachelor's degree","None",0.66,10090
"413","Statisticians",0,0,4.1,2.3,30.2,40.6,22.8,0,6.4,63.4,36540,84060,3251329200,"Master's degree","None",0.22,33330
"414","Stock Clerks and Order Fillers",13.4,42.7,25.6,7.5,9.1,1.4,0.3,56.1,33.1,1.7,2046040,24470,56163798000,"High school diploma or equivalent","None",0.64,2016320
"415","Stonemasons",35.6,43.4,14.6,3.1,2.5,0.6,0.3,79,17.7,0.9,11990,38940,508016300,"High school diploma or equivalent","None",0.89,11190
"416","Structural Iron and Steel Workers",14.1,46.5,26.7,7.9,4.2,0.5,0.1,60.6,34.6,0.6,74420,52610,4237474800,"High school diploma or equivalent","None",0.83,69300
"417","Structural Metal Fabricators and Fitters",11.9,49.3,25.5,7.5,5.3,0.1,0.4,61.2,33,0.5,77600,38450,3142024000,"High school diploma or equivalent","None",0.41,76340
"418","Subway and Streetcar Operators",6,38,34.5,10.7,7.9,2.2,0.7,44,45.2,2.9,12070,66420,771876500,"High school diploma or equivalent","None",0.86,9400
"419","Surgical Technologists",1.8,20.1,34.7,21.6,18.2,2.5,1.1,21.9,56.3,3.6,106470,46310,5116948200,"Postsecondary nondegree award","None",0.34,105720
"420","Survey Researchers",0,3,5.5,2.4,35.6,38.7,14.9,3,7.9,53.6,11270,54270,684089000,"Master's degree","None",0.23,11330
"421","Surveying and Mapping Technicians",5.9,28.8,38.1,20.9,5.3,0.8,0.3,34.7,59,1.1,51890,43340,2405101500,"High school diploma or equivalent","None",0.96,50320
"422","Surveyors",0.9,4.3,8.9,6.3,65.8,11,2.8,5.2,15.2,13.8,43430,61140,2835979000,"Bachelor's degree","None",0.38,43300
"423","Tapers",44.8,39.9,11.1,2.1,1.9,0.3,0,84.7,13.2,0.3,18080,51620,1004163200,"No formal educational credential","None",0.62,17960
"424","Tax Preparers",1.3,11.6,21,10,35.2,15.4,5.5,12.9,31,20.9,68720,38730,3236024800,"High school diploma or equivalent","None",0.99,63600
"425","Taxi Drivers and Chauffeurs",13.5,34.4,25.3,7.7,14.4,3.9,0.8,47.9,33,4.7,198470,24880,5453955600,"No formal educational credential","None",0.89,188870
"426","Teacher Assistants",4.3,29.3,26.2,14.5,21.1,4.2,0.6,33.6,40.7,4.8,1299800,26260,36329410000,"Some college, no degree","None",0.56,1263800
"427","Technical Writers",0.4,5.3,9.8,6.3,48.9,21.8,7.5,5.7,16.1,29.3,49960,70930,3719022400,"Bachelor's degree","Less than 5 years",0.89,49760
"428","Telecommunications Line Installers and Repairers",6.8,36.9,33.2,13.6,8.2,1.1,0.2,43.7,46.8,1.3,107090,55060,6033450600,"High school diploma or equivalent","None",0.49,95230
"429","Telemarketers",6,30.2,33.4,10.8,16.6,2.9,0.2,36.2,44.2,3.1,189670,24460,5248168900,"No formal educational credential","None",0.99,214570
"430","Telephone Operators",4.8,29.9,39.4,12,10,2.8,1.2,34.7,51.4,4,6310,36320,242367100,"High school diploma or equivalent","None",0.97,5710
"431","Tellers",2.1,35.3,33.6,12.1,15,1.7,0.3,37.4,45.7,2,491150,28110,14184412000,"High school diploma or equivalent","None",0.98,496710
"432","Terrazzo Workers and Finishers",38.9,40.9,15.1,1.3,3.2,0.5,0.2,79.8,16.4,0.7,2630,40590,119717600,"High school diploma or equivalent","None",0.88,1750
"433","Textile Bleaching and Dyeing Machine Operators and Tenders",27.5,50.5,11.9,1.9,7.5,0.7,0,78,13.8,0.7,9800,28280,285670000,"High school diploma or equivalent","None",0.97,9950
"434","Tile and Marble Setters",36.6,41.5,14.5,4,2.9,0.4,0,78.1,18.5,0.4,38820,41680,1800083400,"No formal educational credential","None",0.75,36690
"435","Timing Device Assemblers and Adjusters",17.5,46.8,22.5,6.5,5.7,0.8,0.2,64.3,29,1,680,34800,25370800,"High school diploma or equivalent","None",0.98,130
"436","Tire Builders",4.8,53.1,32.1,5.5,3.2,0.5,0.9,57.9,37.6,1.4,21910,40230,919781800,"High school diploma or equivalent","None",0.94,14700
"437","Tire Repairers and Changers",24.9,43,20.3,5.4,5.4,0.8,0.1,67.9,25.7,0.9,114690,26710,3269811900,"High school diploma or equivalent","None",0.7,108730
"438","Tool and Die Makers",6.9,41.6,30.9,17.3,3.1,0.2,0,48.5,48.2,0.2,73510,52480,3915142600,"Postsecondary nondegree award","None",0.84,72180
"439","Traffic Technicians",5.3,38.8,34.4,9.9,8,3.3,0.4,44.1,44.3,3.7,6980,45670,344044200,"High school diploma or equivalent","None",0.9,6050
"440","Training and Development Managers",0.5,6.1,15.9,10.4,39.8,23,4.3,6.6,26.3,27.3,34500,108250,4060305000,"Bachelor's degree","5 years or more",0.0063,32850
"441","Training and Development Specialists",1.9,11.4,21.6,10.1,35,18.2,1.9,13.3,31.7,20.1,280340,60360,18137998000,"Bachelor's degree","Less than 5 years",0.014,268770
"442","Transit and Railroad Police",0.8,11.7,32.1,16.4,32.5,5.6,0.9,12.5,48.5,6.5,5520,70280,393465600,"High school diploma or equivalent","None",0.57,3890
"443","Transportation Inspectors",5,32.7,30.9,14.1,14.4,2.7,0.2,37.7,45,2.9,30030,72140,2213811600,"High school diploma or equivalent","None",0.9,27220
"444","Travel Agents",2.1,18.8,29.1,14.7,28,6.4,0.8,20.9,43.8,7.2,67330,36990,2749757200,"High school diploma or equivalent","None",0.099,68690
"445","Tree Trimmers and Pruners",37.8,35.8,14.8,4.4,6.2,1,0.1,73.6,19.2,1.1,41140,36460,1587181200,"High school diploma or equivalent","None",0.77,36930
"446","Upholsterers",29.7,44.3,15,7.2,2.5,1.2,0.1,74,22.2,1.3,32500,33660,1139450000,"High school diploma or equivalent","None",0.39,31740
"447","Urban and Regional Planners",1.4,1,6.4,1.5,36.8,48.2,4.7,2.4,7.9,52.9,35310,71490,2625298500,"Master's degree","None",0.13,34810
"448","Veterinarians",0,0,0,0,0,2.5,97.5,0,0,100,69370,90420,7043136100,"Doctoral or professional degree","None",0.038,67650
"449","Veterinary Assistants and Laboratory Animal Caretakers",6.5,20.7,27.7,14.6,27.6,2.2,0.7,27.2,42.3,2.9,84400,26140,2326908000,"High school diploma or equivalent","None",0.86,79790
"450","Veterinary Technologists and Technicians",1.8,20.1,34.7,21.6,18.2,2.5,1.1,21.9,56.3,3.6,103430,33400,3590055300,"Associate's degree","None",0.029,99400
"451","Waiters and Waitresses",12.7,32.6,29.7,9.3,13.6,1.7,0.4,45.3,39,2.1,2584220,20820,65329081600,"No formal educational credential","None",0.94,2564620
"452","Watch Repairers",3.9,23.3,28.7,20.7,18.6,3.9,0.9,27.2,49.4,4.8,2130,35770,84198900,"High school diploma or equivalent","None",0.99,1090
"453","Water and Wastewater Treatment Plant and System Operators",3.4,40.2,31.5,11.6,11,2,0.3,43.6,43.1,2.3,117450,46150,5671660500,"High school diploma or equivalent","None",0.61,115630
"454","Wellhead Pumpers",11.5,46.3,26.9,7.8,7.1,0.3,0,57.8,34.7,0.3,11200,52260,594944000,"High school diploma or equivalent","Less than 5 years",0.84,11470
"455","Word Processors and Typists",2.8,28,32.1,14.3,18.2,3.8,0.7,30.8,46.4,4.5,65200,39740,2677764000,"High school diploma or equivalent","None",0.81,66320
"456","Writers and Authors",0.8,3.1,9.6,3.7,50.5,24.1,8.2,3.9,13.3,32.3,45300,61820,3267036000,"Bachelor's degree","None",0.038,44700
"457","Zoologists and Wildlife Biologists",0,0,0,0,47.5,31.4,21,0,0,52.4,17710,62290,1173287500,"Bachelor's degree","None",0.3,17220
