"","X1","Textbox87","Textbox82","nat_definition4","region_name_3","textbox37","Category3","textbox39","Assur_DestinationCity1","Cases3","Cases4"
"1",29201,"From: 01 Jan 2002","To: 31 Dec 2002","Alabama",2002,39,"Afghanistan",10,"Mobile",10,30289
"2",53618,"From: 01 Jan 2003","To: 31 Dec 2003","Alabama",2003,51,"Afghanistan",5,"Mobile",5,32235
"3",35212,"From: 01 Jan 2004","To: 31 Dec 2004","Alabama",2004,82,"Bosnia and Herzegovina",1,"Mobile",1,56342
"4",38479,"From: 01 Jan 2005","To: 31 Dec 2005","Alabama",2005,99,"Cuba",6,"Ashland",1,51897
"5",44151,"From: 01 Jan 2006","To: 31 Dec 2006","Alabama",2006,56,"Cuba",3,"Mobile",3,39552
"6",41465,"From: 01 Jan 2007","To: 31 Dec 2007","Alabama",2007,137,"Burma",7,"Mobile",6,47753
"7",20266,"From: 01 Jan 2008","To: 31 Dec 2008","Alabama",2008,165,"Burma",4,"Birmingham",2,64733
"8",23245,"From: 01 Jan 2009","To: 31 Dec 2009","Alabama",2009,211,"Afghanistan",5,"Mobile",5,79942
"9",46877,"From: 01 Jan 2010","To: 31 Dec 2010","Alabama",2010,153,"Afghanistan",8,"Mobile",8,71361
"10",49763,"From: 01 Jan 2011","To: 31 Dec 2011","Alabama",2011,86,"Afghanistan",5,"Mobile",5,51458
"11",2381,"From: 01 Jan 2012","To: 31 Dec 2012","Alabama",2012,149,"Afghanistan",7,"Mobile",7,66292
"12",10087,"From: 01 Jan 2013","To: 31 Dec 2013","Alabama",2013,122,"Afghanistan",9,"Mobile",9,66066
"13",12874,"From: 01 Jan 2014","To: 31 Dec 2014","Alabama",2014,116,"Afghanistan",1,"Mobile",1,72820
"14",26355,"From: 01 Jan 2015","To: 31 Dec 2015","Alabama",2015,97,"Burma",14,"Birmingham",1,66517
"15",5025,"From: 01 Jan 2016","To: 31 Dec 2016","Alabama",2016,120,"Afghanistan",9,"Mobile",9,96874
"16",1,"From: 01 Jan 2017","To: 31 Dec 2017","Alabama",2017,50,"Afghanistan",9,"Mobile",9,33368
"17",8487,"From: 01 Jan 2018","To: 31 Dec 2018","Alabama",2018,35,"Burma",1,"Birmingham",1,22874
"18",15729,"From: 01 Jan 2019","To: 31 Dec 2019","Alabama",2019,21,"Dem. Rep. Congo",13,"Mobile",13,27514
"19",29212,"From: 01 Jan 2002","To: 31 Dec 2002","Alaska",2002,31,"Bosnia and Herzegovina",1,"Anchorage",1,30289
"20",53630,"From: 01 Jan 2003","To: 31 Dec 2003","Alaska",2003,16,"Russia",8,"Delta Junction",3,32235
"21",35222,"From: 01 Jan 2004","To: 31 Dec 2004","Alaska",2004,56,"Burma",1,"Phoenix",1,56342
"22",38487,"From: 01 Jan 2005","To: 31 Dec 2005","Alaska",2005,67,"Iran",2,"Juneau",2,51897
"23",44156,"From: 01 Jan 2006","To: 31 Dec 2006","Alaska",2006,37,"Cuba",4,"Fairbanks",4,39552
"24",41475,"From: 01 Jan 2007","To: 31 Dec 2007","Alaska",2007,17,"Moldova",2,"Delta Junction",2,47753
"25",20279,"From: 01 Jan 2008","To: 31 Dec 2008","Alaska",2008,85,"Dem. Rep. Congo",24,"Anchorage",24,64733
"26",23262,"From: 01 Jan 2009","To: 31 Dec 2009","Alaska",2009,93,"Bhutan",58,"Anchorage",58,79942
"27",46890,"From: 01 Jan 2010","To: 31 Dec 2010","Alaska",2010,107,"Bhutan",42,"Anchorage",42,71361
"28",49773,"From: 01 Jan 2011","To: 31 Dec 2011","Alaska",2011,102,"Bhutan",17,"Anchorage",17,51458
"29",2394,"From: 01 Jan 2012","To: 31 Dec 2012","Alaska",2012,97,"Bhutan",6,"Anchorage",6,66292
"30",10097,"From: 01 Jan 2013","To: 31 Dec 2013","Alaska",2013,89,"Bhutan",5,"Anchorage",5,66066
"31",12888,"From: 01 Jan 2014","To: 31 Dec 2014","Alaska",2014,203,"Bhutan",10,"Anchorage",10,72820
"32",26364,"From: 01 Jan 2015","To: 31 Dec 2015","Alaska",2015,110,"Bhutan",4,"Anchorage",4,66517
"33",5036,"From: 01 Jan 2016","To: 31 Dec 2016","Alaska",2016,112,"Bhutan",6,"Anchorage",6,96874
"34",10,"From: 01 Jan 2017","To: 31 Dec 2017","Alaska",2017,65,"Dem. Rep. Congo",9,"Anchorage",9,33368
"35",8493,"From: 01 Jan 2018","To: 31 Dec 2018","Alaska",2018,33,"Dem. Rep. Congo",6,"Anchorage",6,22874
"36",15732,"From: 01 Jan 2019","To: 31 Dec 2019","Alaska",2019,39,"Dem. Rep. Congo",8,"Anchorage",8,27514
"37",29217,"From: 01 Jan 2002","To: 31 Dec 2002","Arizona",2002,934,"Afghanistan",198,"Chandler",4,30289
"38",53634,"From: 01 Jan 2003","To: 31 Dec 2003","Arizona",2003,1070,"Afghanistan",110,"Phoenix",85,32235
"39",35228,"From: 01 Jan 2004","To: 31 Dec 2004","Arizona",2004,2087,"Afghanistan",52,"Glendale",3,56342
"40",38491,"From: 01 Jan 2005","To: 31 Dec 2005","Arizona",2005,1987,"Afghanistan",142,"Gilbert",3,51897
"41",44162,"From: 01 Jan 2006","To: 31 Dec 2006","Arizona",2006,1439,"Afghanistan",85,"Glendale",4,39552
"42",41478,"From: 01 Jan 2007","To: 31 Dec 2007","Arizona",2007,2024,"Afghanistan",22,"Glendale",1,47753
"43",20287,"From: 01 Jan 2008","To: 31 Dec 2008","Arizona",2008,3392,"Afghanistan",81,"Phoenix",52,64733
"44",23267,"From: 01 Jan 2009","To: 31 Dec 2009","Arizona",2009,4543,"Afghanistan",36,"Phoenix",28,79942
"45",46898,"From: 01 Jan 2010","To: 31 Dec 2010","Arizona",2010,3155,"Afghanistan",40,"Glendale",1,71361
"46",49781,"From: 01 Jan 2011","To: 31 Dec 2011","Arizona",2011,1961,"Afghanistan",16,"Phoenix",10,51458
"47",2402,"From: 01 Jan 2012","To: 31 Dec 2012","Arizona",2012,2686,"Afghanistan",19,"Phoenix",14,66292
"48",10106,"From: 01 Jan 2013","To: 31 Dec 2013","Arizona",2013,2756,"Afghanistan",53,"Peoria",1,66066
"49",12899,"From: 01 Jan 2014","To: 31 Dec 2014","Arizona",2014,3178,"Afghanistan",47,"Glendale",9,72820
"50",26377,"From: 01 Jan 2015","To: 31 Dec 2015","Arizona",2015,2960,"Afghanistan",37,"Glendale",9,66517
"51",5049,"From: 01 Jan 2016","To: 31 Dec 2016","Arizona",2016,4829,"Afghanistan",191,"Glendale",19,96874
"52",17,"From: 01 Jan 2017","To: 31 Dec 2017","Arizona",2017,1044,"Afghanistan",65,"Glendale",10,33368
"53",8498,"From: 01 Jan 2018","To: 31 Dec 2018","Arizona",2018,1054,"Afghanistan",85,"Glendale",32,22874
"54",15735,"From: 01 Jan 2019","To: 31 Dec 2019","Arizona",2019,1143,"Afghanistan",97,"Glendale",42,27514
"55",53693,"From: 01 Jan 2003","To: 31 Dec 2003","Arkansas",2003,4,"Iran",4,"Fayetteville",3,32235
"56",35291,"From: 01 Jan 2004","To: 31 Dec 2004","Arkansas",2004,31,"Burundi",5,"Phoenix",5,56342
"57",38561,"From: 01 Jan 2005","To: 31 Dec 2005","Arkansas",2005,1,"Vietnam",1,"Blytheville",1,51897
"58",41558,"From: 01 Jan 2007","To: 31 Dec 2007","Arkansas",2007,6,"Burma",2,"Hot Springs",1,47753
"59",20368,"From: 01 Jan 2008","To: 31 Dec 2008","Arkansas",2008,15,"Burma",5,"Jonesboro",5,64733
"60",23354,"From: 01 Jan 2009","To: 31 Dec 2009","Arkansas",2009,32,"Burma",1,"Jonesboro",1,79942
"61",46976,"From: 01 Jan 2010","To: 31 Dec 2010","Arkansas",2010,17,"Burma",5,"Conway",5,71361
"62",49845,"From: 01 Jan 2011","To: 31 Dec 2011","Arkansas",2011,3,"Bhutan",3,"Springdale",3,51458
"63",2468,"From: 01 Jan 2012","To: 31 Dec 2012","Arkansas",2012,10,"Burma",6,"Clarksville",2,66292
"64",10177,"From: 01 Jan 2013","To: 31 Dec 2013","Arkansas",2013,7,"Burma",5,"Clarksville",5,66066
"65",12968,"From: 01 Jan 2014","To: 31 Dec 2014","Arkansas",2014,9,"Burma",5,"Clarksville",5,72820
"66",26444,"From: 01 Jan 2015","To: 31 Dec 2015","Arkansas",2015,11,"Burma",11,"Clarksville",11,66517
"67",5125,"From: 01 Jan 2016","To: 31 Dec 2016","Arkansas",2016,22,"Burma",6,"Bethel Heights",6,96874
"68",69,"From: 01 Jan 2017","To: 31 Dec 2017","Arkansas",2017,47,"Afghanistan",1,"Phoenix",1,33368
"69",8535,"From: 01 Jan 2018","To: 31 Dec 2018","Arkansas",2018,71,"Dem. Rep. Congo",43,"Fayetteville",43,22874
"70",15778,"From: 01 Jan 2019","To: 31 Dec 2019","Arkansas",2019,37,"Colombia",5,"Fayetteville",5,27514
"71",29278,"From: 01 Jan 2002","To: 31 Dec 2002","California",2002,4895,"Afghanistan",201,"Burbank",6,30289
"72",53695,"From: 01 Jan 2003","To: 31 Dec 2003","California",2003,4615,"Afghanistan",196,"Alameda",10,32235
"73",35295,"From: 01 Jan 2004","To: 31 Dec 2004","California",2004,7332,"Afghanistan",101,"Alameda",3,56342
"74",38562,"From: 01 Jan 2005","To: 31 Dec 2005","California",2005,7102,"Afghanistan",57,"Alameda",1,51897
"75",44235,"From: 01 Jan 2006","To: 31 Dec 2006","California",2006,5316,"Afghanistan",65,"Citrus Heights",5,39552
"76",41561,"From: 01 Jan 2007","To: 31 Dec 2007","California",2007,6875,"Afghanistan",47,"Antelope",8,47753
"77",20371,"From: 01 Jan 2008","To: 31 Dec 2008","California",2008,9710,"Afghanistan",44,"Antelope",5,64733
"78",23361,"From: 01 Jan 2009","To: 31 Dec 2009","California",2009,11512,"Afghanistan",64,"Anaheim",1,79942
"79",46981,"From: 01 Jan 2010","To: 31 Dec 2010","California",2010,8036,"Afghanistan",98,"Alameda",3,71361
"80",49846,"From: 01 Jan 2011","To: 31 Dec 2011","California",2011,4165,"Afghanistan",93,"Anaheim",8,51458
"81",2472,"From: 01 Jan 2012","To: 31 Dec 2012","California",2012,6230,"Afghanistan",118,"Fremont",2,66292
"82",10179,"From: 01 Jan 2013","To: 31 Dec 2013","California",2013,5904,"Afghanistan",163,"Anaheim",3,66066
"83",12972,"From: 01 Jan 2014","To: 31 Dec 2014","California",2014,6239,"Afghanistan",132,"Antioch",4,72820
"84",26445,"From: 01 Jan 2015","To: 31 Dec 2015","California",2015,5611,"Afghanistan",268,"Antelope",4,66517
"85",5130,"From: 01 Jan 2016","To: 31 Dec 2016","California",2016,8921,"Afghanistan",442,"Auburn",1,96874
"86",78,"From: 01 Jan 2017","To: 31 Dec 2017","California",2017,3101,"Afghanistan",106,"Anaheim",1,33368
"87",8540,"From: 01 Jan 2018","To: 31 Dec 2018","California",2018,1432,"Afghanistan",166,"El Cajon",3,22874
"88",15783,"From: 01 Jan 2019","To: 31 Dec 2019","California",2019,1802,"Afghanistan",326,"Carmichael",11,27514
"89",29650,"From: 01 Jan 2002","To: 31 Dec 2002","Colorado",2002,480,"Afghanistan",29,"Colorado Springs",10,30289
"90",54080,"From: 01 Jan 2003","To: 31 Dec 2003","Colorado",2003,574,"Afghanistan",28,"Colorado Springs",8,32235
"91",35693,"From: 01 Jan 2004","To: 31 Dec 2004","Colorado",2004,801,"Afghanistan",6,"Thornton",6,56342
"92",38964,"From: 01 Jan 2005","To: 31 Dec 2005","Colorado",2005,861,"Afghanistan",5,"Denver",5,51897
"93",44589,"From: 01 Jan 2006","To: 31 Dec 2006","Colorado",2006,843,"Afghanistan",24,"Denver",24,39552
"94",41936,"From: 01 Jan 2007","To: 31 Dec 2007","Colorado",2007,957,"Belarus",2,"Aurora",2,47753
"95",20797,"From: 01 Jan 2008","To: 31 Dec 2008","Colorado",2008,1331,"Bhutan",350,"Aurora",3,64733
"96",23830,"From: 01 Jan 2009","To: 31 Dec 2009","Colorado",2009,1944,"Afghanistan",2,"Denver",2,79942
"97",47374,"From: 01 Jan 2010","To: 31 Dec 2010","Colorado",2010,1925,"Afghanistan",4,"Commerce City",1,71361
"98",50146,"From: 01 Jan 2011","To: 31 Dec 2011","Colorado",2011,1469,"Belarus",1,"Denver",1,51458
"99",2791,"From: 01 Jan 2012","To: 31 Dec 2012","Colorado",2012,1612,"Belarus",4,"Denver",4,66292
"100",10500,"From: 01 Jan 2013","To: 31 Dec 2013","Colorado",2013,1667,"Afghanistan",18,"Colorado Springs",1,66066
"101",13290,"From: 01 Jan 2014","To: 31 Dec 2014","Colorado",2014,1926,"Afghanistan",17,"Colorado Springs",1,72820
"102",26726,"From: 01 Jan 2015","To: 31 Dec 2015","Colorado",2015,1625,"Afghanistan",20,"Colorado Springs",10,66517
"103",5488,"From: 01 Jan 2016","To: 31 Dec 2016","Colorado",2016,1910,"Afghanistan",43,"Denver",36,96874
"104",315,"From: 01 Jan 2017","To: 31 Dec 2017","Colorado",2017,667,"Afghanistan",18,"Denver",18,33368
"105",8684,"From: 01 Jan 2018","To: 31 Dec 2018","Colorado",2018,537,"Afghanistan",19,"Denver",13,22874
"106",15917,"From: 01 Jan 2019","To: 31 Dec 2019","Colorado",2019,526,"Afghanistan",28,"Denver",6,27514
"107",29710,"From: 01 Jan 2002","To: 31 Dec 2002","Connecticut",2002,493,"Afghanistan",44,"Bridgeport",30,30289
"108",54140,"From: 01 Jan 2003","To: 31 Dec 2003","Connecticut",2003,215,"Afghanistan",21,"Bridgeport",12,32235
"109",35756,"From: 01 Jan 2004","To: 31 Dec 2004","Connecticut",2004,428,"Afghanistan",8,"Ansonia",1,56342
"110",39023,"From: 01 Jan 2005","To: 31 Dec 2005","Connecticut",2005,578,"Afghanistan",35,"Clinton",4,51897
"111",44650,"From: 01 Jan 2006","To: 31 Dec 2006","Connecticut",2006,254,"Afghanistan",9,"Bridgeport",1,39552
"112",41996,"From: 01 Jan 2007","To: 31 Dec 2007","Connecticut",2007,486,"Afghanistan",11,"Hartford",2,47753
"113",20851,"From: 01 Jan 2008","To: 31 Dec 2008","Connecticut",2008,390,"Burma",156,"Hartford",155,64733
"114",23892,"From: 01 Jan 2009","To: 31 Dec 2009","Connecticut",2009,407,"Afghanistan",4,"New Haven",4,79942
"115",47437,"From: 01 Jan 2010","To: 31 Dec 2010","Connecticut",2010,514,"Afghanistan",23,"Hamden",7,71361
"116",50194,"From: 01 Jan 2011","To: 31 Dec 2011","Connecticut",2011,375,"Afghanistan",8,"Bridgeport",1,51458
"117",2850,"From: 01 Jan 2012","To: 31 Dec 2012","Connecticut",2012,509,"Afghanistan",14,"Clinton",4,66292
"118",10556,"From: 01 Jan 2013","To: 31 Dec 2013","Connecticut",2013,547,"Afghanistan",13,"New Haven",13,66066
"119",13354,"From: 01 Jan 2014","To: 31 Dec 2014","Connecticut",2014,534,"Afghanistan",4,"Hartford",1,72820
"120",26791,"From: 01 Jan 2015","To: 31 Dec 2015","Connecticut",2015,510,"Afghanistan",11,"Hartford",7,66517
"121",5558,"From: 01 Jan 2016","To: 31 Dec 2016","Connecticut",2016,897,"Afghanistan",38,"Hartford",18,96874
"122",369,"From: 01 Jan 2017","To: 31 Dec 2017","Connecticut",2017,270,"Afghanistan",18,"Hartford",1,33368
"123",8729,"From: 01 Jan 2018","To: 31 Dec 2018","Connecticut",2018,149,"Afghanistan",17,"New Haven",17,22874
"124",15958,"From: 01 Jan 2019","To: 31 Dec 2019","Connecticut",2019,146,"Afghanistan",20,"Bridgeport",5,27514
"125",29757,"From: 01 Jan 2002","To: 31 Dec 2002","Delaware",2002,36,"Afghanistan",16,"Dover",1,30289
"126",54190,"From: 01 Jan 2003","To: 31 Dec 2003","Delaware",2003,42,"Liberia",22,"Claymont",5,32235
"127",35801,"From: 01 Jan 2004","To: 31 Dec 2004","Delaware",2004,5,"Eritrea",2,"Newark",2,56342
"128",39075,"From: 01 Jan 2005","To: 31 Dec 2005","Delaware",2005,17,"Cuba",1,"Hialeah",1,51897
"129",44683,"From: 01 Jan 2006","To: 31 Dec 2006","Delaware",2006,1,"Liberia",1,"Claymont",1,39552
"130",42029,"From: 01 Jan 2007","To: 31 Dec 2007","Delaware",2007,22,"Burma",3,"Bear",3,47753
"131",20884,"From: 01 Jan 2008","To: 31 Dec 2008","Delaware",2008,1,"Iraq",1,"Bear",1,64733
"132",23920,"From: 01 Jan 2009","To: 31 Dec 2009","Delaware",2009,6,"Iran",2,"Wilmington",2,79942
"133",47471,"From: 01 Jan 2010","To: 31 Dec 2010","Delaware",2010,12,"Burma",8,"Georgetown",8,71361
"134",50224,"From: 01 Jan 2011","To: 31 Dec 2011","Delaware",2011,8,"Burma",8,"Georgetown",8,51458
"135",10594,"From: 01 Jan 2013","To: 31 Dec 2013","Delaware",2013,6,"Burma",5,"Wilmington",5,66066
"136",13394,"From: 01 Jan 2014","To: 31 Dec 2014","Delaware",2014,6,"Burma",6,"Georgetown",6,72820
"137",26829,"From: 01 Jan 2015","To: 31 Dec 2015","Delaware",2015,3,"Sri Lanka (Ceylon)",3,"Hockessin",3,66517
"138",400,"From: 01 Jan 2017","To: 31 Dec 2017","Delaware",2017,16,"Eritrea",7,"Wilmington",7,33368
"139",8743,"From: 01 Jan 2018","To: 31 Dec 2018","Delaware",2018,25,"Afghanistan",2,"Wilmington",2,22874
"140",29765,"From: 01 Jan 2002","To: 31 Dec 2002","District of Columbia",2002,31,"Ethiopia",12,"Washington",12,30289
"141",54198,"From: 01 Jan 2003","To: 31 Dec 2003","District of Columbia",2003,116,"Afghanistan",7,"Washington",7,32235
"142",35804,"From: 01 Jan 2004","To: 31 Dec 2004","District of Columbia",2004,67,"Colombia",1,"Washington",1,56342
"143",39079,"From: 01 Jan 2005","To: 31 Dec 2005","District of Columbia",2005,43,"Colombia",1,"Washington",1,51897
"144",44684,"From: 01 Jan 2006","To: 31 Dec 2006","District of Columbia",2006,69,"China",1,"Washington",1,39552
"145",42035,"From: 01 Jan 2007","To: 31 Dec 2007","District of Columbia",2007,25,"Eritrea",5,"Washington",5,47753
"146",20885,"From: 01 Jan 2008","To: 31 Dec 2008","District of Columbia",2008,38,"Ethiopia",8,"Washington",8,64733
"147",23922,"From: 01 Jan 2009","To: 31 Dec 2009","District of Columbia",2009,54,"Burma",2,"Washington",2,79942
"148",47474,"From: 01 Jan 2010","To: 31 Dec 2010","District of Columbia",2010,40,"Eritrea",9,"Washington",9,71361
"149",50225,"From: 01 Jan 2011","To: 31 Dec 2011","District of Columbia",2011,17,"Congo",1,"Washington",1,51458
"150",2893,"From: 01 Jan 2012","To: 31 Dec 2012","District of Columbia",2012,12,"Eritrea",1,"Washington",1,66292
"151",10596,"From: 01 Jan 2013","To: 31 Dec 2013","District of Columbia",2013,11,"Eritrea",2,"Washington",2,66066
"152",13395,"From: 01 Jan 2014","To: 31 Dec 2014","District of Columbia",2014,30,"Afghanistan",3,"Washington",3,72820
"153",26830,"From: 01 Jan 2015","To: 31 Dec 2015","District of Columbia",2015,4,"Eritrea",2,"Washington",2,66517
"154",5604,"From: 01 Jan 2016","To: 31 Dec 2016","District of Columbia",2016,8,"Afghanistan",4,"Washington",4,96874
"155",404,"From: 01 Jan 2017","To: 31 Dec 2017","District of Columbia",2017,1,"Eritrea",1,"Washington",1,33368
"156",8747,"From: 01 Jan 2018","To: 31 Dec 2018","District of Columbia",2018,2,"Eritrea",1,"Washington",1,22874
"157",15974,"From: 01 Jan 2019","To: 31 Dec 2019","District of Columbia",2019,3,"Eritrea",2,"Washington",2,27514
"158",29770,"From: 01 Jan 2002","To: 31 Dec 2002","Florida",2002,1970,"Afghanistan",85,"Jacksonville",52,30289
"159",54208,"From: 01 Jan 2003","To: 31 Dec 2003","Florida",2003,1092,"Afghanistan",32,"Jacksonville",14,32235
"160",35814,"From: 01 Jan 2004","To: 31 Dec 2004","Florida",2004,3310,"Afghanistan",54,"Jacksonville",27,56342
"161",39086,"From: 01 Jan 2005","To: 31 Dec 2005","Florida",2005,4951,"Afghanistan",41,"Fort Pierce",2,51897
"162",44691,"From: 01 Jan 2006","To: 31 Dec 2006","Florida",2006,2154,"Afghanistan",1,"Jacksonville",1,39552
"163",42038,"From: 01 Jan 2007","To: 31 Dec 2007","Florida",2007,3019,"Afghanistan",8,"Jacksonville",6,47753
"164",20890,"From: 01 Jan 2008","To: 31 Dec 2008","Florida",2008,3773,"Afghanistan",8,"Jacksonville",8,64733
"165",23929,"From: 01 Jan 2009","To: 31 Dec 2009","Florida",2009,4196,"Afghanistan",9,"Jacksonville",9,79942
"166",47478,"From: 01 Jan 2010","To: 31 Dec 2010","Florida",2010,4384,"Afghanistan",8,"Jacksonville",4,71361
"167",50229,"From: 01 Jan 2011","To: 31 Dec 2011","Florida",2011,2342,"Afghanistan",3,"Jacksonville",3,51458
"168",2895,"From: 01 Jan 2012","To: 31 Dec 2012","Florida",2012,2900,"Afghanistan",36,"Jacksonville",31,66292
"169",10600,"From: 01 Jan 2013","To: 31 Dec 2013","Florida",2013,3333,"Afghanistan",17,"Jacksonville",17,66066
"170",13402,"From: 01 Jan 2014","To: 31 Dec 2014","Florida",2014,3465,"Bhutan",5,"Orlando",5,72820
"171",26833,"From: 01 Jan 2015","To: 31 Dec 2015","Florida",2015,2309,"Afghanistan",19,"Clearwater",1,66517
"172",5608,"From: 01 Jan 2016","To: 31 Dec 2016","Florida",2016,3270,"Afghanistan",77,"Clearwater",6,96874
"173",405,"From: 01 Jan 2017","To: 31 Dec 2017","Florida",2017,1040,"Afghanistan",10,"Jacksonville",10,33368
"174",8749,"From: 01 Jan 2018","To: 31 Dec 2018","Florida",2018,586,"Afghanistan",7,"Jacksonville",7,22874
"175",15976,"From: 01 Jan 2019","To: 31 Dec 2019","Florida",2019,624,"Afghanistan",12,"Clearwater",2,27514
"176",29908,"From: 01 Jan 2002","To: 31 Dec 2002","Georgia",2002,1036,"Afghanistan",100,"Atlanta",38,30289
"177",54323,"From: 01 Jan 2003","To: 31 Dec 2003","Georgia",2003,1221,"Afghanistan",69,"Atlanta",9,32235
"178",35975,"From: 01 Jan 2004","To: 31 Dec 2004","Georgia",2004,2157,"Afghanistan",38,"Atlanta",2,56342
"179",39255,"From: 01 Jan 2005","To: 31 Dec 2005","Georgia",2005,1885,"Afghanistan",86,"Alpharetta",1,51897
"180",44803,"From: 01 Jan 2006","To: 31 Dec 2006","Georgia",2006,1354,"Afghanistan",51,"Clarkston",4,39552
"181",42183,"From: 01 Jan 2007","To: 31 Dec 2007","Georgia",2007,1567,"Afghanistan",13,"Atlanta",1,47753
"182",21048,"From: 01 Jan 2008","To: 31 Dec 2008","Georgia",2008,2679,"Afghanistan",31,"Atlanta",9,64733
"183",24069,"From: 01 Jan 2009","To: 31 Dec 2009","Georgia",2009,3355,"Afghanistan",16,"Atlanta",2,79942
"184",47615,"From: 01 Jan 2010","To: 31 Dec 2010","Georgia",2010,3279,"Afghanistan",67,"Atlanta",21,71361
"185",50333,"From: 01 Jan 2011","To: 31 Dec 2011","Georgia",2011,2423,"Afghanistan",27,"Atlanta",23,51458
"186",3018,"From: 01 Jan 2012","To: 31 Dec 2012","Georgia",2012,2791,"Afghanistan",49,"Atlanta",19,66292
"187",10734,"From: 01 Jan 2013","To: 31 Dec 2013","Georgia",2013,2497,"Afghanistan",25,"Atlanta",15,66066
"188",13557,"From: 01 Jan 2014","To: 31 Dec 2014","Georgia",2014,2796,"Afghanistan",32,"Atlanta",18,72820
"189",26960,"From: 01 Jan 2015","To: 31 Dec 2015","Georgia",2015,2803,"Afghanistan",37,"Atlanta",26,66517
"190",5781,"From: 01 Jan 2016","To: 31 Dec 2016","Georgia",2016,3473,"Afghanistan",119,"Atlanta",64,96874
"191",498,"From: 01 Jan 2017","To: 31 Dec 2017","Georgia",2017,1075,"Afghanistan",38,"Atlanta",15,33368
"192",8809,"From: 01 Jan 2018","To: 31 Dec 2018","Georgia",2018,858,"Afghanistan",44,"Atlanta",42,22874
"193",16032,"From: 01 Jan 2019","To: 31 Dec 2019","Georgia",2019,1050,"Afghanistan",108,"Atlanta",96,27514
"194",30032,"From: 01 Jan 2002","To: 31 Dec 2002","Idaho",2002,302,"Afghanistan",100,"Boise",100,30289
"195",54450,"From: 01 Jan 2003","To: 31 Dec 2003","Idaho",2003,246,"Afghanistan",64,"Boise",64,32235
"196",36113,"From: 01 Jan 2004","To: 31 Dec 2004","Idaho",2004,456,"Afghanistan",31,"Boise",31,56342
"197",39376,"From: 01 Jan 2005","To: 31 Dec 2005","Idaho",2005,545,"Afghanistan",38,"Boise",38,51897
"198",44911,"From: 01 Jan 2006","To: 31 Dec 2006","Idaho",2006,518,"Afghanistan",30,"Boise",30,39552
"199",42287,"From: 01 Jan 2007","To: 31 Dec 2007","Idaho",2007,742,"Afghanistan",39,"Boise",39,47753
"200",21175,"From: 01 Jan 2008","To: 31 Dec 2008","Idaho",2008,1167,"Afghanistan",97,"Boise",97,64733
"201",24203,"From: 01 Jan 2009","To: 31 Dec 2009","Idaho",2009,1266,"Afghanistan",49,"Boise",39,79942
"202",47728,"From: 01 Jan 2010","To: 31 Dec 2010","Idaho",2010,969,"Afghanistan",45,"Boise",31,71361
"203",50433,"From: 01 Jan 2011","To: 31 Dec 2011","Idaho",2011,753,"Afghanistan",19,"Boise",14,51458
"204",3131,"From: 01 Jan 2012","To: 31 Dec 2012","Idaho",2012,788,"Afghanistan",35,"Boise",33,66292
"205",10842,"From: 01 Jan 2013","To: 31 Dec 2013","Idaho",2013,913,"Afghanistan",29,"Boise",16,66066
"206",13674,"From: 01 Jan 2014","To: 31 Dec 2014","Idaho",2014,1015,"Afghanistan",17,"Boise",15,72820
"207",27071,"From: 01 Jan 2015","To: 31 Dec 2015","Idaho",2015,961,"Afghanistan",26,"Boise",15,66517
"208",5926,"From: 01 Jan 2016","To: 31 Dec 2016","Idaho",2016,1232,"Afghanistan",75,"Boise",36,96874
"209",582,"From: 01 Jan 2017","To: 31 Dec 2017","Idaho",2017,356,"Afghanistan",4,"Boise",4,33368
"210",8859,"From: 01 Jan 2018","To: 31 Dec 2018","Idaho",2018,425,"Afghanistan",6,"Boise",6,22874
"211",16088,"From: 01 Jan 2019","To: 31 Dec 2019","Idaho",2019,455,"Afghanistan",21,"Boise",21,27514
"212",30048,"From: 01 Jan 2002","To: 31 Dec 2002","Illinois",2002,1006,"Afghanistan",71,"Aurora",15,30289
"213",54474,"From: 01 Jan 2003","To: 31 Dec 2003","Illinois",2003,1006,"Afghanistan",59,"Aurora",2,32235
"214",36133,"From: 01 Jan 2004","To: 31 Dec 2004","Illinois",2004,1395,"Afghanistan",23,"Chicago",14,56342
"215",39396,"From: 01 Jan 2005","To: 31 Dec 2005","Illinois",2005,1594,"Afghanistan",11,"Aurora",1,51897
"216",44932,"From: 01 Jan 2006","To: 31 Dec 2006","Illinois",2006,1145,"Afghanistan",1,"Aurora",1,39552
"217",42313,"From: 01 Jan 2007","To: 31 Dec 2007","Illinois",2007,1801,"Afghanistan",6,"Chicago",5,47753
"218",21203,"From: 01 Jan 2008","To: 31 Dec 2008","Illinois",2008,2687,"Afghanistan",6,"Chicago",2,64733
"219",24230,"From: 01 Jan 2009","To: 31 Dec 2009","Illinois",2009,2809,"Belarus",8,"Chicago",3,79942
"220",47756,"From: 01 Jan 2010","To: 31 Dec 2010","Illinois",2010,2371,"Afghanistan",3,"Chicago",2,71361
"221",50461,"From: 01 Jan 2011","To: 31 Dec 2011","Illinois",2011,1715,"Afghanistan",7,"Carol Stream",1,51458
"222",3159,"From: 01 Jan 2012","To: 31 Dec 2012","Illinois",2012,2515,"Afghanistan",30,"Chicago",21,66292
"223",10870,"From: 01 Jan 2013","To: 31 Dec 2013","Illinois",2013,2185,"Afghanistan",11,"Chicago",7,66066
"224",13704,"From: 01 Jan 2014","To: 31 Dec 2014","Illinois",2014,2749,"Afghanistan",43,"Aurora",2,72820
"225",27102,"From: 01 Jan 2015","To: 31 Dec 2015","Illinois",2015,2439,"Afghanistan",48,"Aurora",2,66517
"226",5957,"From: 01 Jan 2016","To: 31 Dec 2016","Illinois",2016,3493,"Afghanistan",123,"Aurora",13,96874
"227",599,"From: 01 Jan 2017","To: 31 Dec 2017","Illinois",2017,1100,"Afghanistan",33,"Aurora",4,33368
"228",8877,"From: 01 Jan 2018","To: 31 Dec 2018","Illinois",2018,722,"Afghanistan",27,"Aurora",2,22874
"229",16106,"From: 01 Jan 2019","To: 31 Dec 2019","Illinois",2019,891,"Afghanistan",24,"Carol Stream",3,27514
"230",30189,"From: 01 Jan 2002","To: 31 Dec 2002","Indiana",2002,203,"Afghanistan",26,"Carmel",3,30289
"231",54601,"From: 01 Jan 2003","To: 31 Dec 2003","Indiana",2003,322,"Afghanistan",33,"Bloomington",1,32235
"232",36263,"From: 01 Jan 2004","To: 31 Dec 2004","Indiana",2004,497,"Afghanistan",5,"Indianapolis",5,56342
"233",39498,"From: 01 Jan 2005","To: 31 Dec 2005","Indiana",2005,482,"Afghanistan",12,"Fort Wayne",2,51897
"234",45041,"From: 01 Jan 2006","To: 31 Dec 2006","Indiana",2006,376,"Afghanistan",1,"Fort Wayne",1,39552
"235",42432,"From: 01 Jan 2007","To: 31 Dec 2007","Indiana",2007,1514,"Burma",NA,"Fort Wayne",599,47753
"236",21351,"From: 01 Jan 2008","To: 31 Dec 2008","Indiana",2008,1589,"Burma",NA,"Bloomington",9,64733
"237",24360,"From: 01 Jan 2009","To: 31 Dec 2009","Indiana",2009,1235,"Afghanistan",1,"Indianapolis",1,79942
"238",47875,"From: 01 Jan 2010","To: 31 Dec 2010","Indiana",2010,1301,"Afghanistan",4,"Indianapolis",4,71361
"239",50554,"From: 01 Jan 2011","To: 31 Dec 2011","Indiana",2011,1095,"Afghanistan",6,"Indianapolis",6,51458
"240",3279,"From: 01 Jan 2012","To: 31 Dec 2012","Indiana",2012,1385,"Afghanistan",3,"Indianapolis",3,66292
"241",10987,"From: 01 Jan 2013","To: 31 Dec 2013","Indiana",2013,1339,"Bhutan",19,"Indianapolis",19,66066
"242",13846,"From: 01 Jan 2014","To: 31 Dec 2014","Indiana",2014,1833,"Afghanistan",12,"Indianapolis",4,72820
"243",27231,"From: 01 Jan 2015","To: 31 Dec 2015","Indiana",2015,1690,"Bhutan",1,"Indianapolis",1,66517
"244",6108,"From: 01 Jan 2016","To: 31 Dec 2016","Indiana",2016,2100,"Afghanistan",6,"Indianapolis",6,96874
"245",687,"From: 01 Jan 2017","To: 31 Dec 2017","Indiana",2017,646,"Afghanistan",11,"Bloomington",6,33368
"246",8942,"From: 01 Jan 2018","To: 31 Dec 2018","Indiana",2018,542,"Burma",365,"Fort Wayne",106,22874
"247",16167,"From: 01 Jan 2019","To: 31 Dec 2019","Indiana",2019,821,"Afghanistan",1,"Shoals",1,27514
"248",30225,"From: 01 Jan 2002","To: 31 Dec 2002","Iowa",2002,437,"Afghanistan",45,"Des Moines",45,30289
"249",54647,"From: 01 Jan 2003","To: 31 Dec 2003","Iowa",2003,285,"Benin",1,"Des Moines",1,32235
"250",36296,"From: 01 Jan 2004","To: 31 Dec 2004","Iowa",2004,442,"Afghanistan",14,"Des Moines",14,56342
"251",39533,"From: 01 Jan 2005","To: 31 Dec 2005","Iowa",2005,352,"Afghanistan",14,"Des Moines",14,51897
"252",45065,"From: 01 Jan 2006","To: 31 Dec 2006","Iowa",2006,356,"Afghanistan",16,"Des Moines",16,39552
"253",42447,"From: 01 Jan 2007","To: 31 Dec 2007","Iowa",2007,435,"Afghanistan",1,"Des Moines",1,47753
"254",21369,"From: 01 Jan 2008","To: 31 Dec 2008","Iowa",2008,658,"Bhutan",70,"Des Moines",70,64733
"255",24388,"From: 01 Jan 2009","To: 31 Dec 2009","Iowa",2009,958,"Bhutan",204,"Des Moines",204,79942
"256",47904,"From: 01 Jan 2010","To: 31 Dec 2010","Iowa",2010,275,"Bhutan",70,"Des Moines",70,71361
"257",50578,"From: 01 Jan 2011","To: 31 Dec 2011","Iowa",2011,307,"Bhutan",82,"Des Moines",82,51458
"258",3308,"From: 01 Jan 2012","To: 31 Dec 2012","Iowa",2012,494,"Bhutan",96,"Des Moines",90,66292
"259",11017,"From: 01 Jan 2013","To: 31 Dec 2013","Iowa",2013,619,"Bhutan",117,"Des Moines",113,66066
"260",13880,"From: 01 Jan 2014","To: 31 Dec 2014","Iowa",2014,693,"Bhutan",103,"Des Moines",91,72820
"261",27255,"From: 01 Jan 2015","To: 31 Dec 2015","Iowa",2015,815,"Bhutan",113,"Des Moines",103,66517
"262",6143,"From: 01 Jan 2016","To: 31 Dec 2016","Iowa",2016,1087,"Bhutan",147,"Des Moines",142,96874
"263",717,"From: 01 Jan 2017","To: 31 Dec 2017","Iowa",2017,523,"Afghanistan",7,"Des Moines",7,33368
"264",8957,"From: 01 Jan 2018","To: 31 Dec 2018","Iowa",2018,529,"Bhutan",17,"Des Moines",17,22874
"265",16189,"From: 01 Jan 2019","To: 31 Dec 2019","Iowa",2019,671,"Burma",202,"Bondurant",1,27514
"266",30251,"From: 01 Jan 2002","To: 31 Dec 2002","Kansas",2002,55,"Afghanistan",24,"Kansas City",23,30289
"267",54672,"From: 01 Jan 2003","To: 31 Dec 2003","Kansas",2003,95,"Afghanistan",6,"Kansas City",6,32235
"268",36320,"From: 01 Jan 2004","To: 31 Dec 2004","Kansas",2004,155,"Bosnia and Herzegovina",3,"Kansas City",1,56342
"269",39555,"From: 01 Jan 2005","To: 31 Dec 2005","Kansas",2005,155,"Afghanistan",4,"Kansas City",4,51897
"270",45084,"From: 01 Jan 2006","To: 31 Dec 2006","Kansas",2006,135,"Burma",17,"Independence",1,39552
"271",42464,"From: 01 Jan 2007","To: 31 Dec 2007","Kansas",2007,171,"Burma",78,"Columbus",6,47753
"272",21394,"From: 01 Jan 2008","To: 31 Dec 2008","Kansas",2008,356,"Bhutan",73,"Kansas City",68,64733
"273",24411,"From: 01 Jan 2009","To: 31 Dec 2009","Kansas",2009,370,"Bhutan",107,"Kansas City",97,79942
"274",47922,"From: 01 Jan 2010","To: 31 Dec 2010","Kansas",2010,323,"Bhutan",98,"Kansas City",76,71361
"275",50594,"From: 01 Jan 2011","To: 31 Dec 2011","Kansas",2011,273,"Bhutan",104,"Kansas City",104,51458
"276",3338,"From: 01 Jan 2012","To: 31 Dec 2012","Kansas",2012,427,"Bhutan",106,"Kansas City",106,66292
"277",11048,"From: 01 Jan 2013","To: 31 Dec 2013","Kansas",2013,480,"Bhutan",63,"Kansas City",63,66066
"278",13917,"From: 01 Jan 2014","To: 31 Dec 2014","Kansas",2014,635,"Bhutan",53,"Kansas City",53,72820
"279",27291,"From: 01 Jan 2015","To: 31 Dec 2015","Kansas",2015,610,"Afghanistan",6,"Wichita",6,66517
"280",6181,"From: 01 Jan 2016","To: 31 Dec 2016","Kansas",2016,1053,"Afghanistan",20,"Wichita",20,96874
"281",757,"From: 01 Jan 2017","To: 31 Dec 2017","Kansas",2017,392,"Bhutan",27,"Kansas City",27,33368
"282",8980,"From: 01 Jan 2018","To: 31 Dec 2018","Kansas",2018,439,"Afghanistan",10,"Wichita",10,22874
"283",16215,"From: 01 Jan 2019","To: 31 Dec 2019","Kansas",2019,341,"Afghanistan",4,"Wichita",4,27514
"284",30261,"From: 01 Jan 2002","To: 31 Dec 2002","Kentucky",2002,384,"Afghanistan",25,"Lexington",2,30289
"285",54691,"From: 01 Jan 2003","To: 31 Dec 2003","Kentucky",2003,321,"Afghanistan",12,"Louisville",12,32235
"286",36337,"From: 01 Jan 2004","To: 31 Dec 2004","Kentucky",2004,715,"Afghanistan",7,"Louisville",7,56342
"287",39576,"From: 01 Jan 2005","To: 31 Dec 2005","Kentucky",2005,794,"Afghanistan",6,"Louisville",6,51897
"288",45102,"From: 01 Jan 2006","To: 31 Dec 2006","Kentucky",2006,656,"Afghanistan",13,"Louisville",13,39552
"289",42482,"From: 01 Jan 2007","To: 31 Dec 2007","Kentucky",2007,975,"Belarus",2,"Louisville",2,47753
"290",21422,"From: 01 Jan 2008","To: 31 Dec 2008","Kentucky",2008,1235,"Bhutan",135,"Louisville",135,64733
"291",24431,"From: 01 Jan 2009","To: 31 Dec 2009","Kentucky",2009,1871,"Azerbaijan",4,"Louisville",4,79942
"292",47945,"From: 01 Jan 2010","To: 31 Dec 2010","Kentucky",2010,2079,"Afghanistan",5,"Louisville",5,71361
"293",50611,"From: 01 Jan 2011","To: 31 Dec 2011","Kentucky",2011,1161,"Afghanistan",11,"Louisville",11,51458
"294",3362,"From: 01 Jan 2012","To: 31 Dec 2012","Kentucky",2012,1621,"Afghanistan",23,"Louisville",23,66292
"295",11072,"From: 01 Jan 2013","To: 31 Dec 2013","Kentucky",2013,1569,"Afghanistan",27,"Louisville",27,66066
"296",13948,"From: 01 Jan 2014","To: 31 Dec 2014","Kentucky",2014,1966,"Afghanistan",5,"Louisville",5,72820
"297",27320,"From: 01 Jan 2015","To: 31 Dec 2015","Kentucky",2015,1930,"Afghanistan",14,"Louisville",14,66517
"298",6218,"From: 01 Jan 2016","To: 31 Dec 2016","Kentucky",2016,2847,"Afghanistan",32,"Bowling Green",7,96874
"299",786,"From: 01 Jan 2017","To: 31 Dec 2017","Kentucky",2017,896,"Afghanistan",1,"Louisville",1,33368
"300",8996,"From: 01 Jan 2018","To: 31 Dec 2018","Kentucky",2018,971,"Afghanistan",2,"Louisville",2,22874
"301",16232,"From: 01 Jan 2019","To: 31 Dec 2019","Kentucky",2019,1315,"Afghanistan",11,"Louisville",11,27514
"302",30285,"From: 01 Jan 2002","To: 31 Dec 2002","Louisiana",2002,106,"Afghanistan",25,"Baton Rouge",17,30289
"303",54723,"From: 01 Jan 2003","To: 31 Dec 2003","Louisiana",2003,112,"Afghanistan",25,"Baton Rouge",19,32235
"304",36367,"From: 01 Jan 2004","To: 31 Dec 2004","Louisiana",2004,307,"Afghanistan",39,"Baton Rouge",15,56342
"305",39604,"From: 01 Jan 2005","To: 31 Dec 2005","Louisiana",2005,189,"Afghanistan",7,"Baton Rouge",7,51897
"306",45136,"From: 01 Jan 2006","To: 31 Dec 2006","Louisiana",2006,147,"Afghanistan",1,"Baton Rouge",1,39552
"307",42519,"From: 01 Jan 2007","To: 31 Dec 2007","Louisiana",2007,164,"Burma",19,"Baton Rouge",5,47753
"308",21455,"From: 01 Jan 2008","To: 31 Dec 2008","Louisiana",2008,205,"Afghanistan",1,"Baton Rouge",1,64733
"309",24471,"From: 01 Jan 2009","To: 31 Dec 2009","Louisiana",2009,335,"Burma",112,"Baton Rouge",41,79942
"310",47993,"From: 01 Jan 2010","To: 31 Dec 2010","Louisiana",2010,363,"Afghanistan",15,"Baton Rouge",11,71361
"311",50652,"From: 01 Jan 2011","To: 31 Dec 2011","Louisiana",2011,237,"Bhutan",20,"Baton Rouge",20,51458
"312",3403,"From: 01 Jan 2012","To: 31 Dec 2012","Louisiana",2012,187,"Afghanistan",2,"Baton Rouge",2,66292
"313",11112,"From: 01 Jan 2013","To: 31 Dec 2013","Louisiana",2013,192,"Bhutan",8,"Baton Rouge",8,66066
"314",13992,"From: 01 Jan 2014","To: 31 Dec 2014","Louisiana",2014,232,"Afghanistan",9,"Baton Rouge",9,72820
"315",27360,"From: 01 Jan 2015","To: 31 Dec 2015","Louisiana",2015,133,"Afghanistan",6,"Baton Rouge",6,66517
"316",6270,"From: 01 Jan 2016","To: 31 Dec 2016","Louisiana",2016,162,"Afghanistan",13,"Baton Rouge",6,96874
"317",829,"From: 01 Jan 2017","To: 31 Dec 2017","Louisiana",2017,70,"Burma",11,"Baton Rouge",4,33368
"318",9021,"From: 01 Jan 2018","To: 31 Dec 2018","Louisiana",2018,15,"Central African Republic",6,"Baton Rouge",6,22874
"319",16258,"From: 01 Jan 2019","To: 31 Dec 2019","Louisiana",2019,12,"Burma",4,"Thibodaux",4,27514
"320",30303,"From: 01 Jan 2002","To: 31 Dec 2002","Maine",2002,96,"Afghanistan",4,"Portland",4,30289
"321",54745,"From: 01 Jan 2003","To: 31 Dec 2003","Maine",2003,141,"Dem. Rep. Congo",10,"Portland",10,32235
"322",36400,"From: 01 Jan 2004","To: 31 Dec 2004","Maine",2004,182,"Afghanistan",1,"Portland",1,56342
"323",39630,"From: 01 Jan 2005","To: 31 Dec 2005","Maine",2005,141,"Dem. Rep. Congo",1,"Portland",1,51897
"324",45157,"From: 01 Jan 2006","To: 31 Dec 2006","Maine",2006,150,"Dem. Rep. Congo",1,"Portland",1,39552
"325",42540,"From: 01 Jan 2007","To: 31 Dec 2007","Maine",2007,108,"Burma",1,"Bangor",1,47753
"326",21486,"From: 01 Jan 2008","To: 31 Dec 2008","Maine",2008,75,"Dem. Rep. Congo",12,"Portland",12,64733
"327",24497,"From: 01 Jan 2009","To: 31 Dec 2009","Maine",2009,332,"Burma",24,"Portland",24,79942
"328",48021,"From: 01 Jan 2010","To: 31 Dec 2010","Maine",2010,248,"Afghanistan",3,"Portland",3,71361
"329",50678,"From: 01 Jan 2011","To: 31 Dec 2011","Maine",2011,171,"Burma",5,"Portland",5,51458
"330",3423,"From: 01 Jan 2012","To: 31 Dec 2012","Maine",2012,292,"Afghanistan",3,"Portland",3,66292
"331",11140,"From: 01 Jan 2013","To: 31 Dec 2013","Maine",2013,328,"Afghanistan",12,"Portland",12,66066
"332",14016,"From: 01 Jan 2014","To: 31 Dec 2014","Maine",2014,397,"Afghanistan",2,"Portland",2,72820
"333",27379,"From: 01 Jan 2015","To: 31 Dec 2015","Maine",2015,402,"Afghanistan",3,"New Sweden",3,66517
"334",6288,"From: 01 Jan 2016","To: 31 Dec 2016","Maine",2016,714,"Afghanistan",28,"Portland",28,96874
"335",843,"From: 01 Jan 2017","To: 31 Dec 2017","Maine",2017,122,"Dem. Rep. Congo",32,"Portland",32,33368
"336",9027,"From: 01 Jan 2018","To: 31 Dec 2018","Maine",2018,92,"Burundi",9,"Portland",9,22874
"337",16264,"From: 01 Jan 2019","To: 31 Dec 2019","Maine",2019,95,"Afghanistan",1,"Portland",1,27514
"338",30318,"From: 01 Jan 2002","To: 31 Dec 2002","Maryland",2002,415,"Afghanistan",20,"Baltimore",18,30289
"339",54754,"From: 01 Jan 2003","To: 31 Dec 2003","Maryland",2003,938,"Afghanistan",18,"Baltimore",13,32235
"340",36414,"From: 01 Jan 2004","To: 31 Dec 2004","Maryland",2004,914,"Afghanistan",16,"Baltimore",14,56342
"341",39643,"From: 01 Jan 2005","To: 31 Dec 2005","Maryland",2005,751,"Afghanistan",6,"Baltimore",6,51897
"342",45168,"From: 01 Jan 2006","To: 31 Dec 2006","Maryland",2006,617,"Afghanistan",13,"Baltimore",13,39552
"343",42550,"From: 01 Jan 2007","To: 31 Dec 2007","Maryland",2007,705,"Afghanistan",4,"Baltimore",4,47753
"344",21495,"From: 01 Jan 2008","To: 31 Dec 2008","Maryland",2008,910,"Afghanistan",3,"Silver Spring",3,64733
"345",24508,"From: 01 Jan 2009","To: 31 Dec 2009","Maryland",2009,930,"Belarus",12,"Baltimore",4,79942
"346",48036,"From: 01 Jan 2010","To: 31 Dec 2010","Maryland",2010,1265,"Afghanistan",6,"Baltimore",1,71361
"347",50687,"From: 01 Jan 2011","To: 31 Dec 2011","Maryland",2011,1171,"Bhutan",530,"Baltimore",422,51458
"348",3440,"From: 01 Jan 2012","To: 31 Dec 2012","Maryland",2012,1218,"Afghanistan",1,"Silver Spring",1,66292
"349",11161,"From: 01 Jan 2013","To: 31 Dec 2013","Maryland",2013,1180,"Afghanistan",7,"Odenton",3,66066
"350",14037,"From: 01 Jan 2014","To: 31 Dec 2014","Maryland",2014,1335,"Afghanistan",9,"Baltimore",6,72820
"351",27396,"From: 01 Jan 2015","To: 31 Dec 2015","Maryland",2015,1453,"Afghanistan",19,"Baltimore",6,66517
"352",6312,"From: 01 Jan 2016","To: 31 Dec 2016","Maryland",2016,1952,"Afghanistan",55,"Baltimore",18,96874
"353",861,"From: 01 Jan 2017","To: 31 Dec 2017","Maryland",2017,610,"Afghanistan",26,"Baltimore",2,33368
"354",9035,"From: 01 Jan 2018","To: 31 Dec 2018","Maryland",2018,509,"Afghanistan",17,"Baltimore",9,22874
"355",16277,"From: 01 Jan 2019","To: 31 Dec 2019","Maryland",2019,690,"Afghanistan",94,"Baltimore",24,27514
"356",30390,"From: 01 Jan 2002","To: 31 Dec 2002","Massachusetts",2002,783,"Afghanistan",61,"Boston",21,30289
"357",54869,"From: 01 Jan 2003","To: 31 Dec 2003","Massachusetts",2003,959,"Afghanistan",54,"Allston",1,32235
"358",36525,"From: 01 Jan 2004","To: 31 Dec 2004","Massachusetts",2004,1491,"Afghanistan",61,"Allston",1,56342
"359",39741,"From: 01 Jan 2005","To: 31 Dec 2005","Massachusetts",2005,1301,"Afghanistan",15,"Boston",6,51897
"360",45275,"From: 01 Jan 2006","To: 31 Dec 2006","Massachusetts",2006,772,"Afghanistan",12,"Boston",4,39552
"361",42646,"From: 01 Jan 2007","To: 31 Dec 2007","Massachusetts",2007,782,"Belarus",26,"West Springfield",19,47753
"362",21597,"From: 01 Jan 2008","To: 31 Dec 2008","Massachusetts",2008,1254,"Afghanistan",4,"Boston",4,64733
"363",24606,"From: 01 Jan 2009","To: 31 Dec 2009","Massachusetts",2009,1898,"Afghanistan",5,"West Springfield",5,79942
"364",48125,"From: 01 Jan 2010","To: 31 Dec 2010","Massachusetts",2010,1822,"Afghanistan",14,"Malden",1,71361
"365",50761,"From: 01 Jan 2011","To: 31 Dec 2011","Massachusetts",2011,1400,"Afghanistan",2,"South Boston",2,51458
"366",3531,"From: 01 Jan 2012","To: 31 Dec 2012","Massachusetts",2012,1885,"Afghanistan",6,"Brighton",1,66292
"367",11258,"From: 01 Jan 2013","To: 31 Dec 2013","Massachusetts",2013,1691,"Afghanistan",6,"South Boston",6,66066
"368",14112,"From: 01 Jan 2014","To: 31 Dec 2014","Massachusetts",2014,1892,"Afghanistan",18,"Boston",10,72820
"369",27470,"From: 01 Jan 2015","To: 31 Dec 2015","Massachusetts",2015,1666,"Afghanistan",32,"Boston",9,66517
"370",6406,"From: 01 Jan 2016","To: 31 Dec 2016","Massachusetts",2016,1827,"Afghanistan",33,"Boston",20,96874
"371",925,"From: 01 Jan 2017","To: 31 Dec 2017","Massachusetts",2017,737,"Afghanistan",10,"Boston",3,33368
"372",9075,"From: 01 Jan 2018","To: 31 Dec 2018","Massachusetts",2018,465,"Afghanistan",16,"Framingham",1,22874
"373",16331,"From: 01 Jan 2019","To: 31 Dec 2019","Massachusetts",2019,478,"Afghanistan",24,"Florence",4,27514
"374",30505,"From: 01 Jan 2002","To: 31 Dec 2002","Michigan",2002,537,"Afghanistan",49,"Grand Rapids",7,30289
"375",55013,"From: 01 Jan 2003","To: 31 Dec 2003","Michigan",2003,538,"Afghanistan",34,"Grand Rapids",12,32235
"376",36652,"From: 01 Jan 2004","To: 31 Dec 2004","Michigan",2004,1046,"Afghanistan",41,"Bloomfield Hills",12,56342
"377",39868,"From: 01 Jan 2005","To: 31 Dec 2005","Michigan",2005,864,"Afghanistan",26,"Bloomfield Hills",2,51897
"378",45371,"From: 01 Jan 2006","To: 31 Dec 2006","Michigan",2006,531,"Afghanistan",16,"Grand Rapids",1,39552
"379",42737,"From: 01 Jan 2007","To: 31 Dec 2007","Michigan",2007,1584,"Afghanistan",5,"Lansing",5,47753
"380",21689,"From: 01 Jan 2008","To: 31 Dec 2008","Michigan",2008,3586,"Afghanistan",8,"Lansing",8,64733
"381",24726,"From: 01 Jan 2009","To: 31 Dec 2009","Michigan",2009,3460,"Afghanistan",1,"Lansing",1,79942
"382",48238,"From: 01 Jan 2010","To: 31 Dec 2010","Michigan",2010,3446,"Afghanistan",9,"Grand Rapids",6,71361
"383",50854,"From: 01 Jan 2011","To: 31 Dec 2011","Michigan",2011,2163,"Afghanistan",2,"Southfield",2,51458
"384",3638,"From: 01 Jan 2012","To: 31 Dec 2012","Michigan",2012,4585,"Afghanistan",2,"Grand Rapids",1,66292
"385",11362,"From: 01 Jan 2013","To: 31 Dec 2013","Michigan",2013,4125,"Afghanistan",11,"Lansing",11,66066
"386",14220,"From: 01 Jan 2014","To: 31 Dec 2014","Michigan",2014,3932,"Afghanistan",6,"Grand Rapids",2,72820
"387",27597,"From: 01 Jan 2015","To: 31 Dec 2015","Michigan",2015,2714,"Afghanistan",61,"Ann Arbor",4,66517
"388",6534,"From: 01 Jan 2016","To: 31 Dec 2016","Michigan",2016,5039,"Afghanistan",207,"Ann Arbor",21,96874
"389",1025,"From: 01 Jan 2017","To: 31 Dec 2017","Michigan",2017,1402,"Afghanistan",36,"Battle Creek",1,33368
"390",9135,"From: 01 Jan 2018","To: 31 Dec 2018","Michigan",2018,722,"Afghanistan",59,"Ann Arbor",10,22874
"391",16407,"From: 01 Jan 2019","To: 31 Dec 2019","Michigan",2019,1033,"Afghanistan",85,"Ann Arbor",19,27514
"392",30585,"From: 01 Jan 2002","To: 31 Dec 2002","Minnesota",2002,854,"Afghanistan",2,"Richfield",2,30289
"393",55088,"From: 01 Jan 2003","To: 31 Dec 2003","Minnesota",2003,2251,"Belarus",54,"Anoka",2,32235
"394",36749,"From: 01 Jan 2004","To: 31 Dec 2004","Minnesota",2004,7155,"Belarus",76,"Anoka",2,56342
"395",39954,"From: 01 Jan 2005","To: 31 Dec 2005","Minnesota",2005,5027,"Belarus",47,"Blaine",11,51897
"396",45439,"From: 01 Jan 2006","To: 31 Dec 2006","Minnesota",2006,4903,"Belarus",25,"Anoka",5,39552
"397",42818,"From: 01 Jan 2007","To: 31 Dec 2007","Minnesota",2007,2680,"Afghanistan",6,"Burnsville",6,47753
"398",21793,"From: 01 Jan 2008","To: 31 Dec 2008","Minnesota",2008,1120,"Belarus",13,"Champlin",2,64733
"399",24822,"From: 01 Jan 2009","To: 31 Dec 2009","Minnesota",2009,1147,"Belarus",36,"Anoka",6,79942
"400",48335,"From: 01 Jan 2010","To: 31 Dec 2010","Minnesota",2010,2182,"Afghanistan",1,"Brooklyn Park",1,71361
"401",50916,"From: 01 Jan 2011","To: 31 Dec 2011","Minnesota",2011,1734,"Belarus",15,"Coon Rapids",7,51458
"402",3725,"From: 01 Jan 2012","To: 31 Dec 2012","Minnesota",2012,2115,"Belarus",20,"Albertville",6,66292
"403",11466,"From: 01 Jan 2013","To: 31 Dec 2013","Minnesota",2013,2067,"Belarus",1,"Ramsey",1,66066
"404",14319,"From: 01 Jan 2014","To: 31 Dec 2014","Minnesota",2014,2390,"Belarus",10,"Albertville",5,72820
"405",27704,"From: 01 Jan 2015","To: 31 Dec 2015","Minnesota",2015,2119,"Armenia",2,"Coon Rapids",2,66517
"406",6654,"From: 01 Jan 2016","To: 31 Dec 2016","Minnesota",2016,3009,"Afghanistan",3,"Minneapolis",1,96874
"407",1107,"From: 01 Jan 2017","To: 31 Dec 2017","Minnesota",2017,918,"Belarus",11,"Minneapolis",6,33368
"408",9192,"From: 01 Jan 2018","To: 31 Dec 2018","Minnesota",2018,668,"Belarus",16,"Minneapolis",16,22874
"409",16474,"From: 01 Jan 2019","To: 31 Dec 2019","Minnesota",2019,891,"Belarus",10,"Minneapolis",10,27514
"410",30712,"From: 01 Jan 2002","To: 31 Dec 2002","Mississippi",2002,4,"Iran",2,"Hattiesburg",1,30289
"411",55252,"From: 01 Jan 2003","To: 31 Dec 2003","Mississippi",2003,2,"Liberia",1,"Jackson",1,32235
"412",36963,"From: 01 Jan 2004","To: 31 Dec 2004","Mississippi",2004,4,"Liberia",1,"Jackson",1,56342
"413",40119,"From: 01 Jan 2005","To: 31 Dec 2005","Mississippi",2005,5,"Iran",5,"Gulfport",5,51897
"414",42934,"From: 01 Jan 2007","To: 31 Dec 2007","Mississippi",2007,1,"Sudan",1,"Jackson",1,47753
"415",21863,"From: 01 Jan 2008","To: 31 Dec 2008","Mississippi",2008,11,"Dem. Rep. Congo",1,"Jackson",1,64733
"416",24919,"From: 01 Jan 2009","To: 31 Dec 2009","Mississippi",2009,26,"Afghanistan",8,"Louisville",8,79942
"417",48418,"From: 01 Jan 2010","To: 31 Dec 2010","Mississippi",2010,3,"Burma",1,"Jackson",1,71361
"418",50990,"From: 01 Jan 2011","To: 31 Dec 2011","Mississippi",2011,3,"Dem. Rep. Congo",1,"Jackson",1,51458
"419",3810,"From: 01 Jan 2012","To: 31 Dec 2012","Mississippi",2012,7,"Afghanistan",3,"Jackson",3,66292
"420",11546,"From: 01 Jan 2013","To: 31 Dec 2013","Mississippi",2013,3,"Burma",1,"Jackson",1,66066
"421",14417,"From: 01 Jan 2014","To: 31 Dec 2014","Mississippi",2014,10,"Burma",2,"Jackson",1,72820
"422",27801,"From: 01 Jan 2015","To: 31 Dec 2015","Mississippi",2015,15,"Afghanistan",6,"Jackson",6,66517
"423",6803,"From: 01 Jan 2016","To: 31 Dec 2016","Mississippi",2016,13,"Afghanistan",5,"Jackson",5,96874
"424",1190,"From: 01 Jan 2017","To: 31 Dec 2017","Mississippi",2017,6,"Burma",3,"Jackson",3,33368
"425",9263,"From: 01 Jan 2018","To: 31 Dec 2018","Mississippi",2018,8,"Dem. Rep. Congo",2,"Jackson",2,22874
"426",16535,"From: 01 Jan 2019","To: 31 Dec 2019","Mississippi",2019,9,"Burma",1,"Jackson",1,27514
"427",30716,"From: 01 Jan 2002","To: 31 Dec 2002","Missouri",2002,807,"Afghanistan",139,"Saint Louis",139,30289
"428",55254,"From: 01 Jan 2003","To: 31 Dec 2003","Missouri",2003,485,"Afghanistan",63,"Saint Louis",63,32235
"429",36966,"From: 01 Jan 2004","To: 31 Dec 2004","Missouri",2004,1028,"Afghanistan",54,"Blue Springs",6,56342
"430",40120,"From: 01 Jan 2005","To: 31 Dec 2005","Missouri",2005,879,"Afghanistan",68,"Ballwin",1,51897
"431",45580,"From: 01 Jan 2006","To: 31 Dec 2006","Missouri",2006,559,"Afghanistan",48,"Fenton",1,39552
"432",42935,"From: 01 Jan 2007","To: 31 Dec 2007","Missouri",2007,758,"Afghanistan",13,"Saint Louis",13,47753
"433",21868,"From: 01 Jan 2008","To: 31 Dec 2008","Missouri",2008,1139,"Afghanistan",13,"Saint Louis",13,64733
"434",24926,"From: 01 Jan 2009","To: 31 Dec 2009","Missouri",2009,1507,"Afghanistan",2,"Saint Louis",2,79942
"435",48420,"From: 01 Jan 2010","To: 31 Dec 2010","Missouri",2010,1083,"Afghanistan",9,"Saint Louis",9,71361
"436",50992,"From: 01 Jan 2011","To: 31 Dec 2011","Missouri",2011,901,"Afghanistan",2,"Saint Louis",2,51458
"437",3814,"From: 01 Jan 2012","To: 31 Dec 2012","Missouri",2012,1224,"Afghanistan",4,"Jefferson City",4,66292
"438",11549,"From: 01 Jan 2013","To: 31 Dec 2013","Missouri",2013,1237,"Afghanistan",6,"Saint Louis",6,66066
"439",14421,"From: 01 Jan 2014","To: 31 Dec 2014","Missouri",2014,1469,"Afghanistan",20,"Kansas City",8,72820
"440",27805,"From: 01 Jan 2015","To: 31 Dec 2015","Missouri",2015,1352,"Afghanistan",9,"Kansas City",2,66517
"441",6808,"From: 01 Jan 2016","To: 31 Dec 2016","Missouri",2016,2337,"Afghanistan",85,"Hazelwood",1,96874
"442",1194,"From: 01 Jan 2017","To: 31 Dec 2017","Missouri",2017,804,"Afghanistan",20,"Kansas City",7,33368
"443",9265,"From: 01 Jan 2018","To: 31 Dec 2018","Missouri",2018,497,"Afghanistan",14,"Kansas City",2,22874
"444",16538,"From: 01 Jan 2019","To: 31 Dec 2019","Missouri",2019,598,"Afghanistan",32,"Saint Louis",32,27514
"445",30755,"From: 01 Jan 2002","To: 31 Dec 2002","Montana",2002,14,"Belarus",8,"Missoula",8,30289
"446",55294,"From: 01 Jan 2003","To: 31 Dec 2003","Montana",2003,24,"Belarus",20,"Missoula",20,32235
"447",37018,"From: 01 Jan 2004","To: 31 Dec 2004","Montana",2004,7,"Belarus",7,"Missoula",7,56342
"448",40162,"From: 01 Jan 2005","To: 31 Dec 2005","Montana",2005,5,"Ukraine",5,"Whitefish",5,51897
"449",42982,"From: 01 Jan 2007","To: 31 Dec 2007","Montana",2007,3,"Burma",3,"Bigfork",3,47753
"450",21919,"From: 01 Jan 2008","To: 31 Dec 2008","Montana",2008,4,"Iraq",4,"Billings",4,64733
"451",24973,"From: 01 Jan 2009","To: 31 Dec 2009","Montana",2009,3,"Iraq",3,"Billings",3,79942
"452",3856,"From: 01 Jan 2012","To: 31 Dec 2012","Montana",2012,1,"Iraq",1,"Helena",1,66292
"453",6877,"From: 01 Jan 2016","To: 31 Dec 2016","Montana",2016,46,"Dem. Rep. Congo",27,"Missoula",27,96874
"454",1240,"From: 01 Jan 2017","To: 31 Dec 2017","Montana",2017,87,"Dem. Rep. Congo",10,"Missoula",10,33368
"455",9298,"From: 01 Jan 2018","To: 31 Dec 2018","Montana",2018,114,"Dem. Rep. Congo",89,"Missoula",89,22874
"456",16570,"From: 01 Jan 2019","To: 31 Dec 2019","Montana",2019,84,"Dem. Rep. Congo",71,"Missoula",71,27514
"457",30758,"From: 01 Jan 2002","To: 31 Dec 2002","Nebraska",2002,223,"Afghanistan",13,"Lincoln",6,30289
"458",55296,"From: 01 Jan 2003","To: 31 Dec 2003","Nebraska",2003,232,"Afghanistan",7,"Lincoln",5,32235
"459",37019,"From: 01 Jan 2004","To: 31 Dec 2004","Nebraska",2004,483,"Afghanistan",8,"Lincoln",2,56342
"460",40163,"From: 01 Jan 2005","To: 31 Dec 2005","Nebraska",2005,256,"Belarus",5,"Waverly",5,51897
"461",45619,"From: 01 Jan 2006","To: 31 Dec 2006","Nebraska",2006,319,"Afghanistan",1,"Lincoln",1,39552
"462",42983,"From: 01 Jan 2007","To: 31 Dec 2007","Nebraska",2007,438,"Burma",231,"Bennington",18,47753
"463",21920,"From: 01 Jan 2008","To: 31 Dec 2008","Nebraska",2008,703,"Bhutan",4,"Omaha",4,64733
"464",24974,"From: 01 Jan 2009","To: 31 Dec 2009","Nebraska",2009,900,"Bhutan",57,"Bellevue",5,79942
"465",48468,"From: 01 Jan 2010","To: 31 Dec 2010","Nebraska",2010,780,"Bhutan",124,"Omaha",124,71361
"466",51031,"From: 01 Jan 2011","To: 31 Dec 2011","Nebraska",2011,740,"Bhutan",211,"Lincoln",6,51458
"467",3857,"From: 01 Jan 2012","To: 31 Dec 2012","Nebraska",2012,799,"Bhutan",259,"Omaha",259,66292
"468",11592,"From: 01 Jan 2013","To: 31 Dec 2013","Nebraska",2013,1067,"Bhutan",258,"Omaha",258,66066
"469",14474,"From: 01 Jan 2014","To: 31 Dec 2014","Nebraska",2014,1128,"Bhutan",219,"Omaha",219,72820
"470",27863,"From: 01 Jan 2015","To: 31 Dec 2015","Nebraska",2015,1068,"Bhutan",156,"Omaha",151,66517
"471",6881,"From: 01 Jan 2016","To: 31 Dec 2016","Nebraska",2016,1782,"Afghanistan",17,"Omaha",17,96874
"472",1245,"From: 01 Jan 2017","To: 31 Dec 2017","Nebraska",2017,799,"Bhutan",139,"Omaha",139,33368
"473",9300,"From: 01 Jan 2018","To: 31 Dec 2018","Nebraska",2018,262,"Afghanistan",10,"Omaha",10,22874
"474",16573,"From: 01 Jan 2019","To: 31 Dec 2019","Nebraska",2019,467,"Afghanistan",3,"Omaha",3,27514
"475",30784,"From: 01 Jan 2002","To: 31 Dec 2002","Nevada",2002,180,"Bosnia and Herzegovina",16,"Las Vegas",16,30289
"476",55323,"From: 01 Jan 2003","To: 31 Dec 2003","Nevada",2003,202,"Afghanistan",12,"Las Vegas",12,32235
"477",37041,"From: 01 Jan 2004","To: 31 Dec 2004","Nevada",2004,336,"Afghanistan",1,"Las Vegas",1,56342
"478",40181,"From: 01 Jan 2005","To: 31 Dec 2005","Nevada",2005,385,"Colombia",1,"Henderson",1,51897
"479",45642,"From: 01 Jan 2006","To: 31 Dec 2006","Nevada",2006,196,"Afghanistan",3,"Las Vegas",3,39552
"480",43007,"From: 01 Jan 2007","To: 31 Dec 2007","Nevada",2007,322,"Afghanistan",3,"Las Vegas",3,47753
"481",21943,"From: 01 Jan 2008","To: 31 Dec 2008","Nevada",2008,521,"Afghanistan",3,"Las Vegas",3,64733
"482",25002,"From: 01 Jan 2009","To: 31 Dec 2009","Nevada",2009,653,"Afghanistan",9,"Las Vegas",9,79942
"483",48487,"From: 01 Jan 2010","To: 31 Dec 2010","Nevada",2010,467,"Bhutan",27,"Las Vegas",27,71361
"484",51049,"From: 01 Jan 2011","To: 31 Dec 2011","Nevada",2011,383,"Azerbaijan",2,"Las Vegas",2,51458
"485",3873,"From: 01 Jan 2012","To: 31 Dec 2012","Nevada",2012,458,"Bhutan",48,"Las Vegas",48,66292
"486",11612,"From: 01 Jan 2013","To: 31 Dec 2013","Nevada",2013,569,"Afghanistan",1,"Las Vegas",1,66066
"487",14499,"From: 01 Jan 2014","To: 31 Dec 2014","Nevada",2014,505,"Azerbaijan",15,"Las Vegas",15,72820
"488",27892,"From: 01 Jan 2015","To: 31 Dec 2015","Nevada",2015,648,"Afghanistan",19,"Las Vegas",19,66517
"489",6908,"From: 01 Jan 2016","To: 31 Dec 2016","Nevada",2016,899,"Afghanistan",26,"Las Vegas",26,96874
"490",1274,"From: 01 Jan 2017","To: 31 Dec 2017","Nevada",2017,273,"Afghanistan",26,"Las Vegas",20,33368
"491",9316,"From: 01 Jan 2018","To: 31 Dec 2018","Nevada",2018,226,"Afghanistan",19,"Las Vegas",7,22874
"492",16598,"From: 01 Jan 2019","To: 31 Dec 2019","Nevada",2019,169,"Afghanistan",19,"Las Vegas",19,27514
"493",30794,"From: 01 Jan 2002","To: 31 Dec 2002","New Hampshire",2002,279,"Afghanistan",19,"Concord",13,30289
"494",55339,"From: 01 Jan 2003","To: 31 Dec 2003","New Hampshire",2003,263,"Afghanistan",38,"Concord",38,32235
"495",37056,"From: 01 Jan 2004","To: 31 Dec 2004","New Hampshire",2004,633,"Afghanistan",9,"Concord",9,56342
"496",40194,"From: 01 Jan 2005","To: 31 Dec 2005","New Hampshire",2005,266,"Afghanistan",9,"Concord",4,51897
"497",45657,"From: 01 Jan 2006","To: 31 Dec 2006","New Hampshire",2006,210,"Burundi",13,"Concord",5,39552
"498",43022,"From: 01 Jan 2007","To: 31 Dec 2007","New Hampshire",2007,252,"Afghanistan",3,"Concord",3,47753
"499",21962,"From: 01 Jan 2008","To: 31 Dec 2008","New Hampshire",2008,610,"Bhutan",367,"Concord",193,64733
"500",25018,"From: 01 Jan 2009","To: 31 Dec 2009","New Hampshire",2009,670,"Bhutan",569,"Concord",263,79942
"501",48507,"From: 01 Jan 2010","To: 31 Dec 2010","New Hampshire",2010,434,"Afghanistan",1,"Concord",1,71361
"502",51062,"From: 01 Jan 2011","To: 31 Dec 2011","New Hampshire",2011,484,"Bhutan",444,"Concord",202,51458
"503",3888,"From: 01 Jan 2012","To: 31 Dec 2012","New Hampshire",2012,371,"Bhutan",209,"Concord",127,66292
"504",11627,"From: 01 Jan 2013","To: 31 Dec 2013","New Hampshire",2013,382,"Bhutan",143,"Concord",89,66066
"505",14516,"From: 01 Jan 2014","To: 31 Dec 2014","New Hampshire",2014,344,"Bhutan",90,"Concord",59,72820
"506",27915,"From: 01 Jan 2015","To: 31 Dec 2015","New Hampshire",2015,428,"Bhutan",67,"Concord",31,66517
"507",6932,"From: 01 Jan 2016","To: 31 Dec 2016","New Hampshire",2016,619,"Afghanistan",5,"Concord",5,96874
"508",1297,"From: 01 Jan 2017","To: 31 Dec 2017","New Hampshire",2017,212,"Bhutan",69,"Concord",47,33368
"509",9333,"From: 01 Jan 2018","To: 31 Dec 2018","New Hampshire",2018,196,"Bhutan",6,"Concord",6,22874
"510",16616,"From: 01 Jan 2019","To: 31 Dec 2019","New Hampshire",2019,193,"Burma",5,"Nashua",5,27514
"511",30825,"From: 01 Jan 2002","To: 31 Dec 2002","New Jersey",2002,390,"Afghanistan",22,"Atlantic City",7,30289
"512",55363,"From: 01 Jan 2003","To: 31 Dec 2003","New Jersey",2003,668,"Afghanistan",22,"Atlantic City",5,32235
"513",37080,"From: 01 Jan 2004","To: 31 Dec 2004","New Jersey",2004,680,"Afghanistan",8,"Elizabeth",6,56342
"514",40217,"From: 01 Jan 2005","To: 31 Dec 2005","New Jersey",2005,728,"Afghanistan",1,"Saddle Brook",1,51897
"515",45679,"From: 01 Jan 2006","To: 31 Dec 2006","New Jersey",2006,500,"Belarus",6,"Elizabeth",3,39552
"516",43038,"From: 01 Jan 2007","To: 31 Dec 2007","New Jersey",2007,586,"Belarus",4,"Vineland",4,47753
"517",21984,"From: 01 Jan 2008","To: 31 Dec 2008","New Jersey",2008,765,"Afghanistan",11,"Cherry Hill",6,64733
"518",25033,"From: 01 Jan 2009","To: 31 Dec 2009","New Jersey",2009,1210,"Bhutan",195,"Elizabeth",13,79942
"519",48523,"From: 01 Jan 2010","To: 31 Dec 2010","New Jersey",2010,752,"Afghanistan",2,"Ogdensburg",1,71361
"520",51068,"From: 01 Jan 2011","To: 31 Dec 2011","New Jersey",2011,254,"Afghanistan",5,"Elizabeth",5,51458
"521",3900,"From: 01 Jan 2012","To: 31 Dec 2012","New Jersey",2012,337,"Bhutan",18,"Camden",7,66292
"522",11646,"From: 01 Jan 2013","To: 31 Dec 2013","New Jersey",2013,424,"Afghanistan",5,"Jersey City",2,66066
"523",14532,"From: 01 Jan 2014","To: 31 Dec 2014","New Jersey",2014,347,"Bhutan",4,"Hamilton",1,72820
"524",27937,"From: 01 Jan 2015","To: 31 Dec 2015","New Jersey",2015,328,"Afghanistan",9,"Elizabeth",1,66517
"525",6956,"From: 01 Jan 2016","To: 31 Dec 2016","New Jersey",2016,601,"Afghanistan",22,"Elizabeth",13,96874
"526",1314,"From: 01 Jan 2017","To: 31 Dec 2017","New Jersey",2017,253,"Afghanistan",6,"Highland Park",6,33368
"527",9342,"From: 01 Jan 2018","To: 31 Dec 2018","New Jersey",2018,204,"Afghanistan",2,"Elizabeth",1,22874
"528",16624,"From: 01 Jan 2019","To: 31 Dec 2019","New Jersey",2019,228,"Afghanistan",11,"Highland Park",7,27514
"529",30923,"From: 01 Jan 2002","To: 31 Dec 2002","New Mexico",2002,94,"Afghanistan",24,"Albuquerque",24,30289
"530",55470,"From: 01 Jan 2003","To: 31 Dec 2003","New Mexico",2003,41,"Afghanistan",1,"Albuquerque",1,32235
"531",37191,"From: 01 Jan 2004","To: 31 Dec 2004","New Mexico",2004,70,"Afghanistan",2,"Albuquerque",2,56342
"532",40297,"From: 01 Jan 2005","To: 31 Dec 2005","New Mexico",2005,89,"Afghanistan",1,"Albuquerque",1,51897
"533",45748,"From: 01 Jan 2006","To: 31 Dec 2006","New Mexico",2006,82,"Afghanistan",1,"Albuquerque",1,39552
"534",43089,"From: 01 Jan 2007","To: 31 Dec 2007","New Mexico",2007,150,"Burma",3,"Albuquerque",1,47753
"535",22066,"From: 01 Jan 2008","To: 31 Dec 2008","New Mexico",2008,192,"Bhutan",15,"Albuquerque",15,64733
"536",25107,"From: 01 Jan 2009","To: 31 Dec 2009","New Mexico",2009,165,"Bhutan",24,"Albuquerque",24,79942
"537",48604,"From: 01 Jan 2010","To: 31 Dec 2010","New Mexico",2010,197,"Bhutan",32,"Albuquerque",32,71361
"538",51114,"From: 01 Jan 2011","To: 31 Dec 2011","New Mexico",2011,136,"Afghanistan",7,"Albuquerque",7,51458
"539",3937,"From: 01 Jan 2012","To: 31 Dec 2012","New Mexico",2012,248,"Afghanistan",6,"Albuquerque",6,66292
"540",11717,"From: 01 Jan 2013","To: 31 Dec 2013","New Mexico",2013,239,"Afghanistan",31,"Albuquerque",31,66066
"541",14574,"From: 01 Jan 2014","To: 31 Dec 2014","New Mexico",2014,180,"Afghanistan",4,"Albuquerque",4,72820
"542",27979,"From: 01 Jan 2015","To: 31 Dec 2015","New Mexico",2015,194,"Afghanistan",70,"Albuquerque",70,66517
"543",7006,"From: 01 Jan 2016","To: 31 Dec 2016","New Mexico",2016,411,"Afghanistan",71,"Albuquerque",71,96874
"544",1348,"From: 01 Jan 2017","To: 31 Dec 2017","New Mexico",2017,51,"Dem. Rep. Congo",44,"Albuquerque",44,33368
"545",9372,"From: 01 Jan 2018","To: 31 Dec 2018","New Mexico",2018,95,"Afghanistan",19,"Albuquerque",19,22874
"546",16655,"From: 01 Jan 2019","To: 31 Dec 2019","New Mexico",2019,101,"Afghanistan",15,"Albuquerque",15,27514
"547",30929,"From: 01 Jan 2002","To: 31 Dec 2002","New York",2002,2586,"Afghanistan",91,"Buffalo",16,30289
"548",55476,"From: 01 Jan 2003","To: 31 Dec 2003","New York",2003,2445,"Afghanistan",63,"Astoria",1,32235
"549",37197,"From: 01 Jan 2004","To: 31 Dec 2004","New York",2004,3150,"Afghanistan",47,"Amherst",1,56342
"550",40302,"From: 01 Jan 2005","To: 31 Dec 2005","New York",2005,2517,"Afghanistan",54,"Brooklyn",9,51897
"551",45757,"From: 01 Jan 2006","To: 31 Dec 2006","New York",2006,2249,"Afghanistan",79,"Albany",23,39552
"552",43099,"From: 01 Jan 2007","To: 31 Dec 2007","New York",2007,2765,"Afghanistan",20,"Albany",5,47753
"553",22076,"From: 01 Jan 2008","To: 31 Dec 2008","New York",2008,3928,"Afghanistan",61,"Albany",23,64733
"554",25115,"From: 01 Jan 2009","To: 31 Dec 2009","New York",2009,5003,"Afghanistan",15,"Buffalo",8,79942
"555",48616,"From: 01 Jan 2010","To: 31 Dec 2010","New York",2010,4168,"Afghanistan",21,"Albany",4,71361
"556",51122,"From: 01 Jan 2011","To: 31 Dec 2011","New York",2011,3421,"Afghanistan",12,"Albany",3,51458
"557",3948,"From: 01 Jan 2012","To: 31 Dec 2012","New York",2012,3754,"Afghanistan",46,"Albany",13,66292
"558",11731,"From: 01 Jan 2013","To: 31 Dec 2013","New York",2013,4007,"Afghanistan",57,"Albany",20,66066
"559",14585,"From: 01 Jan 2014","To: 31 Dec 2014","New York",2014,4012,"Afghanistan",79,"Albany",31,72820
"560",27989,"From: 01 Jan 2015","To: 31 Dec 2015","New York",2015,3904,"Afghanistan",78,"Albany",25,66517
"561",7021,"From: 01 Jan 2016","To: 31 Dec 2016","New York",2016,5830,"Afghanistan",338,"Albany",176,96874
"562",1352,"From: 01 Jan 2017","To: 31 Dec 2017","New York",2017,1903,"Afghanistan",76,"Albany",14,33368
"563",9377,"From: 01 Jan 2018","To: 31 Dec 2018","New York",2018,1362,"Afghanistan",61,"Albany",22,22874
"564",16660,"From: 01 Jan 2019","To: 31 Dec 2019","New York",2019,1617,"Afghanistan",117,"Albany",27,27514
"565",31154,"From: 01 Jan 2002","To: 31 Dec 2002","North Carolina",2002,1387,"Belarus",13,"Charlotte",6,30289
"566",55695,"From: 01 Jan 2003","To: 31 Dec 2003","North Carolina",2003,688,"Afghanistan",1,"Greensboro",1,32235
"567",37394,"From: 01 Jan 2004","To: 31 Dec 2004","North Carolina",2004,1161,"Azerbaijan",10,"Charlotte",3,56342
"568",40493,"From: 01 Jan 2005","To: 31 Dec 2005","North Carolina",2005,1410,"Angola",4,"Knightdale",4,51897
"569",45938,"From: 01 Jan 2006","To: 31 Dec 2006","North Carolina",2006,1120,"Belarus",3,"Charlotte",3,39552
"570",43248,"From: 01 Jan 2007","To: 31 Dec 2007","North Carolina",2007,1788,"Azerbaijan",6,"Charlotte",6,47753
"571",22261,"From: 01 Jan 2008","To: 31 Dec 2008","North Carolina",2008,2371,"Afghanistan",15,"Charlotte",14,64733
"572",25285,"From: 01 Jan 2009","To: 31 Dec 2009","North Carolina",2009,2548,"Afghanistan",2,"High Point",2,79942
"573",48772,"From: 01 Jan 2010","To: 31 Dec 2010","North Carolina",2010,2360,"Afghanistan",4,"Charlotte",3,71361
"574",51250,"From: 01 Jan 2011","To: 31 Dec 2011","North Carolina",2011,1899,"Afghanistan",15,"Durham",3,51458
"575",4079,"From: 01 Jan 2012","To: 31 Dec 2012","North Carolina",2012,2376,"Afghanistan",26,"Durham",3,66292
"576",11871,"From: 01 Jan 2013","To: 31 Dec 2013","North Carolina",2013,2228,"Afghanistan",14,"Durham",1,66066
"577",14717,"From: 01 Jan 2014","To: 31 Dec 2014","North Carolina",2014,2481,"Afghanistan",29,"High Point",9,72820
"578",28135,"From: 01 Jan 2015","To: 31 Dec 2015","North Carolina",2015,2369,"Afghanistan",46,"Charlotte",5,66517
"579",7204,"From: 01 Jan 2016","To: 31 Dec 2016","North Carolina",2016,3719,"Afghanistan",142,"Charlotte",17,96874
"580",1495,"From: 01 Jan 2017","To: 31 Dec 2017","North Carolina",2017,1280,"Afghanistan",36,"Charlotte",9,33368
"581",9468,"From: 01 Jan 2018","To: 31 Dec 2018","North Carolina",2018,961,"Afghanistan",18,"Durham",3,22874
"582",16754,"From: 01 Jan 2019","To: 31 Dec 2019","North Carolina",2019,1155,"Afghanistan",37,"Charlotte",8,27514
"583",31219,"From: 01 Jan 2002","To: 31 Dec 2002","North Dakota",2002,60,"Afghanistan",5,"Fargo",5,30289
"584",55758,"From: 01 Jan 2003","To: 31 Dec 2003","North Dakota",2003,120,"Bosnia and Herzegovina",1,"Fargo",1,32235
"585",37490,"From: 01 Jan 2004","To: 31 Dec 2004","North Dakota",2004,232,"Afghanistan",2,"Fargo",2,56342
"586",40572,"From: 01 Jan 2005","To: 31 Dec 2005","North Dakota",2005,244,"Colombia",2,"Fargo",2,51897
"587",46014,"From: 01 Jan 2006","To: 31 Dec 2006","North Dakota",2006,154,"Burundi",4,"Grand Forks",4,39552
"588",43342,"From: 01 Jan 2007","To: 31 Dec 2007","North Dakota",2007,214,"Burundi",78,"Fargo",63,47753
"589",22358,"From: 01 Jan 2008","To: 31 Dec 2008","North Dakota",2008,463,"Bhutan",161,"Fargo",125,64733
"590",25367,"From: 01 Jan 2009","To: 31 Dec 2009","North Dakota",2009,503,"Afghanistan",6,"Fargo",6,79942
"591",48861,"From: 01 Jan 2010","To: 31 Dec 2010","North Dakota",2010,441,"Bhutan",222,"Fargo",173,71361
"592",51324,"From: 01 Jan 2011","To: 31 Dec 2011","North Dakota",2011,402,"Afghanistan",5,"Fargo",5,51458
"593",4180,"From: 01 Jan 2012","To: 31 Dec 2012","North Dakota",2012,487,"Bhutan",372,"Fargo",273,66292
"594",11966,"From: 01 Jan 2013","To: 31 Dec 2013","North Dakota",2013,544,"Bhutan",296,"Fargo",205,66066
"595",14825,"From: 01 Jan 2014","To: 31 Dec 2014","North Dakota",2014,531,"Afghanistan",7,"Fargo",5,72820
"596",28248,"From: 01 Jan 2015","To: 31 Dec 2015","North Dakota",2015,518,"Afghanistan",2,"Fargo",2,66517
"597",7359,"From: 01 Jan 2016","To: 31 Dec 2016","North Dakota",2016,560,"Afghanistan",8,"Bismarck",5,96874
"598",1602,"From: 01 Jan 2017","To: 31 Dec 2017","North Dakota",2017,361,"Bhutan",184,"Fargo",145,33368
"599",9531,"From: 01 Jan 2018","To: 31 Dec 2018","North Dakota",2018,80,"Afghanistan",11,"Fargo",11,22874
"600",16832,"From: 01 Jan 2019","To: 31 Dec 2019","North Dakota",2019,126,"Afghanistan",10,"Fargo",10,27514
"601",31226,"From: 01 Jan 2002","To: 31 Dec 2002","Ohio",2002,616,"Afghanistan",41,"Cincinnati",20,30289
"602",55772,"From: 01 Jan 2003","To: 31 Dec 2003","Ohio",2003,711,"Afghanistan",10,"Cincinnati",5,32235
"603",37505,"From: 01 Jan 2004","To: 31 Dec 2004","Ohio",2004,1550,"Afghanistan",1,"Cincinnati",1,56342
"604",40584,"From: 01 Jan 2005","To: 31 Dec 2005","Ohio",2005,1590,"Afghanistan",2,"Cincinnati",1,51897
"605",46023,"From: 01 Jan 2006","To: 31 Dec 2006","Ohio",2006,2050,"Afghanistan",6,"Cincinnati",1,39552
"606",43356,"From: 01 Jan 2007","To: 31 Dec 2007","Ohio",2007,1403,"Afghanistan",18,"Akron",7,47753
"607",22375,"From: 01 Jan 2008","To: 31 Dec 2008","Ohio",2008,1423,"Bhutan",347,"Akron",53,64733
"608",25387,"From: 01 Jan 2009","To: 31 Dec 2009","Ohio",2009,1822,"Afghanistan",1,"Cleveland",1,79942
"609",48880,"From: 01 Jan 2010","To: 31 Dec 2010","Ohio",2010,1815,"Afghanistan",2,"Cleveland",2,71361
"610",51339,"From: 01 Jan 2011","To: 31 Dec 2011","Ohio",2011,1619,"Afghanistan",16,"Cleveland",16,51458
"611",4193,"From: 01 Jan 2012","To: 31 Dec 2012","Ohio",2012,2655,"Afghanistan",7,"Columbus",7,66292
"612",11982,"From: 01 Jan 2013","To: 31 Dec 2013","Ohio",2013,2745,"Afghanistan",3,"Cleveland",3,66066
"613",14844,"From: 01 Jan 2014","To: 31 Dec 2014","Ohio",2014,2925,"Afghanistan",9,"Cleveland",9,72820
"614",28266,"From: 01 Jan 2015","To: 31 Dec 2015","Ohio",2015,2898,"Afghanistan",39,"Akron",6,66517
"615",7377,"From: 01 Jan 2016","To: 31 Dec 2016","Ohio",2016,4857,"Afghanistan",147,"Akron",112,96874
"616",1620,"From: 01 Jan 2017","To: 31 Dec 2017","Ohio",2017,2086,"Afghanistan",21,"Akron",15,33368
"617",9539,"From: 01 Jan 2018","To: 31 Dec 2018","Ohio",2018,1059,"Afghanistan",44,"Akron",29,22874
"618",16847,"From: 01 Jan 2019","To: 31 Dec 2019","Ohio",2019,1288,"Afghanistan",4,"Akron",3,27514
"619",31305,"From: 01 Jan 2002","To: 31 Dec 2002","Oklahoma",2002,48,"Afghanistan",2,"Oklahoma City",2,30289
"620",55853,"From: 01 Jan 2003","To: 31 Dec 2003","Oklahoma",2003,80,"Afghanistan",13,"Oklahoma City",13,32235
"621",37589,"From: 01 Jan 2004","To: 31 Dec 2004","Oklahoma",2004,92,"Afghanistan",1,"Oklahoma City",1,56342
"622",40649,"From: 01 Jan 2005","To: 31 Dec 2005","Oklahoma",2005,142,"Azerbaijan",3,"Tulsa",3,51897
"623",46100,"From: 01 Jan 2006","To: 31 Dec 2006","Oklahoma",2006,90,"Burma",13,"Tulsa",13,39552
"624",43417,"From: 01 Jan 2007","To: 31 Dec 2007","Oklahoma",2007,154,"Afghanistan",2,"Oklahoma City",2,47753
"625",22444,"From: 01 Jan 2008","To: 31 Dec 2008","Oklahoma",2008,231,"Afghanistan",7,"Oklahoma City",7,64733
"626",25463,"From: 01 Jan 2009","To: 31 Dec 2009","Oklahoma",2009,175,"Afghanistan",4,"Oklahoma City",4,79942
"627",48963,"From: 01 Jan 2010","To: 31 Dec 2010","Oklahoma",2010,219,"Burma",135,"Guymon",7,71361
"628",51407,"From: 01 Jan 2011","To: 31 Dec 2011","Oklahoma",2011,240,"Burma",227,"Guymon",6,51458
"629",4271,"From: 01 Jan 2012","To: 31 Dec 2012","Oklahoma",2012,300,"Burma",251,"Enid",1,66292
"630",12068,"From: 01 Jan 2013","To: 31 Dec 2013","Oklahoma",2013,288,"Afghanistan",10,"Oklahoma City",10,66066
"631",14941,"From: 01 Jan 2014","To: 31 Dec 2014","Oklahoma",2014,424,"Burma",378,"Edmond",5,72820
"632",28381,"From: 01 Jan 2015","To: 31 Dec 2015","Oklahoma",2015,548,"Burma",464,"Glenpool",14,66517
"633",7497,"From: 01 Jan 2016","To: 31 Dec 2016","Oklahoma",2016,468,"Belarus",1,"Broken Arrow",1,96874
"634",1706,"From: 01 Jan 2017","To: 31 Dec 2017","Oklahoma",2017,193,"Burma",127,"Glenpool",16,33368
"635",9595,"From: 01 Jan 2018","To: 31 Dec 2018","Oklahoma",2018,108,"Burma",61,"Glenpool",4,22874
"636",16909,"From: 01 Jan 2019","To: 31 Dec 2019","Oklahoma",2019,236,"Burma",180,"Glenpool",41,27514
"637",31316,"From: 01 Jan 2002","To: 31 Dec 2002","Oregon",2002,1074,"Afghanistan",20,"Portland",13,30289
"638",55868,"From: 01 Jan 2003","To: 31 Dec 2003","Oregon",2003,987,"Afghanistan",7,"Aloha",7,32235
"639",37604,"From: 01 Jan 2004","To: 31 Dec 2004","Oregon",2004,1289,"Afghanistan",15,"Portland",15,56342
"640",40664,"From: 01 Jan 2005","To: 31 Dec 2005","Oregon",2005,1102,"Belarus",12,"Portland",10,51897
"641",46111,"From: 01 Jan 2006","To: 31 Dec 2006","Oregon",2006,848,"Afghanistan",6,"Beaverton",1,39552
"642",43432,"From: 01 Jan 2007","To: 31 Dec 2007","Oregon",2007,641,"Afghanistan",10,"Portland",10,47753
"643",22465,"From: 01 Jan 2008","To: 31 Dec 2008","Oregon",2008,708,"Afghanistan",19,"Portland",19,64733
"644",25479,"From: 01 Jan 2009","To: 31 Dec 2009","Oregon",2009,668,"Afghanistan",11,"Portland",11,79942
"645",48978,"From: 01 Jan 2010","To: 31 Dec 2010","Oregon",2010,1162,"Afghanistan",17,"Portland",17,71361
"646",51421,"From: 01 Jan 2011","To: 31 Dec 2011","Oregon",2011,697,"Afghanistan",26,"Portland",26,51458
"647",4289,"From: 01 Jan 2012","To: 31 Dec 2012","Oregon",2012,740,"Afghanistan",13,"Portland",13,66292
"648",12082,"From: 01 Jan 2013","To: 31 Dec 2013","Oregon",2013,878,"Afghanistan",11,"Portland",11,66066
"649",14955,"From: 01 Jan 2014","To: 31 Dec 2014","Oregon",2014,1109,"Afghanistan",23,"Portland",23,72820
"650",28400,"From: 01 Jan 2015","To: 31 Dec 2015","Oregon",2015,949,"Afghanistan",16,"Portland",16,66517
"651",7523,"From: 01 Jan 2016","To: 31 Dec 2016","Oregon",2016,1566,"Afghanistan",23,"Portland",23,96874
"652",1722,"From: 01 Jan 2017","To: 31 Dec 2017","Oregon",2017,642,"Afghanistan",9,"Portland",9,33368
"653",9607,"From: 01 Jan 2018","To: 31 Dec 2018","Oregon",2018,437,"Afghanistan",10,"Gresham",2,22874
"654",16922,"From: 01 Jan 2019","To: 31 Dec 2019","Oregon",2019,529,"Armenia",5,"Portland",5,27514
"655",31367,"From: 01 Jan 2002","To: 31 Dec 2002","Pennsylvania",2002,1049,"Afghanistan",45,"Harrisburg",9,30289
"656",55922,"From: 01 Jan 2003","To: 31 Dec 2003","Pennsylvania",2003,1382,"Afghanistan",30,"Mechanicsburg",3,32235
"657",37660,"From: 01 Jan 2004","To: 31 Dec 2004","Pennsylvania",2004,1488,"Afghanistan",14,"Allentown",5,56342
"658",40714,"From: 01 Jan 2005","To: 31 Dec 2005","Pennsylvania",2005,1537,"Afghanistan",9,"Scranton",9,51897
"659",46159,"From: 01 Jan 2006","To: 31 Dec 2006","Pennsylvania",2006,1180,"Afghanistan",4,"Stroudsburg",4,39552
"660",43467,"From: 01 Jan 2007","To: 31 Dec 2007","Pennsylvania",2007,1222,"Afghanistan",46,"Lancaster",1,47753
"661",22502,"From: 01 Jan 2008","To: 31 Dec 2008","Pennsylvania",2008,1874,"Afghanistan",81,"Erie",9,64733
"662",25532,"From: 01 Jan 2009","To: 31 Dec 2009","Pennsylvania",2009,2580,"Afghanistan",37,"Erie",5,79942
"663",49018,"From: 01 Jan 2010","To: 31 Dec 2010","Pennsylvania",2010,2520,"Afghanistan",6,"Allentown",2,71361
"664",51449,"From: 01 Jan 2011","To: 31 Dec 2011","Pennsylvania",2011,2922,"Afghanistan",6,"Philadelphia",6,51458
"665",4326,"From: 01 Jan 2012","To: 31 Dec 2012","Pennsylvania",2012,2795,"Afghanistan",6,"Harrisburg",6,66292
"666",12110,"From: 01 Jan 2013","To: 31 Dec 2013","Pennsylvania",2013,2507,"Afghanistan",16,"Harrisburg",3,66066
"667",14993,"From: 01 Jan 2014","To: 31 Dec 2014","Pennsylvania",2014,2847,"Afghanistan",4,"Harrisburg",3,72820
"668",28438,"From: 01 Jan 2015","To: 31 Dec 2015","Pennsylvania",2015,2668,"Afghanistan",54,"Carlisle",3,66517
"669",7570,"From: 01 Jan 2016","To: 31 Dec 2016","Pennsylvania",2016,3617,"Afghanistan",21,"Erie",4,96874
"670",1751,"From: 01 Jan 2017","To: 31 Dec 2017","Pennsylvania",2017,1489,"Afghanistan",14,"Allentown",2,33368
"671",9631,"From: 01 Jan 2018","To: 31 Dec 2018","Pennsylvania",2018,832,"Afghanistan",11,"Allentown",1,22874
"672",16942,"From: 01 Jan 2019","To: 31 Dec 2019","Pennsylvania",2019,969,"Afghanistan",41,"Jenkintown",2,27514
"673",31502,"From: 01 Jan 2002","To: 31 Dec 2002","Rhode Island",2002,46,"Burma",5,"Providence",5,30289
"674",56048,"From: 01 Jan 2003","To: 31 Dec 2003","Rhode Island",2003,163,"Belarus",1,"Providence",1,32235
"675",37785,"From: 01 Jan 2004","To: 31 Dec 2004","Rhode Island",2004,332,"Azerbaijan",5,"Providence",5,56342
"676",40808,"From: 01 Jan 2005","To: 31 Dec 2005","Rhode Island",2005,244,"Burma",4,"Providence",4,51897
"677",46252,"From: 01 Jan 2006","To: 31 Dec 2006","Rhode Island",2006,130,"Burundi",20,"Providence",20,39552
"678",43564,"From: 01 Jan 2007","To: 31 Dec 2007","Rhode Island",2007,140,"Burundi",21,"Providence",21,47753
"679",22618,"From: 01 Jan 2008","To: 31 Dec 2008","Rhode Island",2008,135,"Burundi",47,"Providence",47,64733
"680",25657,"From: 01 Jan 2009","To: 31 Dec 2009","Rhode Island",2009,221,"Bhutan",47,"Providence",47,79942
"681",49123,"From: 01 Jan 2010","To: 31 Dec 2010","Rhode Island",2010,204,"Bhutan",70,"Providence",70,71361
"682",51521,"From: 01 Jan 2011","To: 31 Dec 2011","Rhode Island",2011,155,"Afghanistan",5,"Providence",5,51458
"683",4398,"From: 01 Jan 2012","To: 31 Dec 2012","Rhode Island",2012,152,"Bhutan",57,"Providence",57,66292
"684",12225,"From: 01 Jan 2013","To: 31 Dec 2013","Rhode Island",2013,125,"Bhutan",26,"Providence",26,66066
"685",15095,"From: 01 Jan 2014","To: 31 Dec 2014","Rhode Island",2014,250,"Bhutan",13,"Providence",13,72820
"686",28564,"From: 01 Jan 2015","To: 31 Dec 2015","Rhode Island",2015,145,"Afghanistan",7,"Providence",7,66517
"687",7699,"From: 01 Jan 2016","To: 31 Dec 2016","Rhode Island",2016,400,"Afghanistan",10,"Providence",10,96874
"688",1854,"From: 01 Jan 2017","To: 31 Dec 2017","Rhode Island",2017,127,"Afghanistan",1,"Providence",1,33368
"689",9703,"From: 01 Jan 2018","To: 31 Dec 2018","Rhode Island",2018,85,"Afghanistan",4,"Providence",4,22874
"690",17023,"From: 01 Jan 2019","To: 31 Dec 2019","Rhode Island",2019,104,"Burundi",5,"Providence",5,27514
"691",31512,"From: 01 Jan 2002","To: 31 Dec 2002","South Carolina",2002,115,"Afghanistan",2,"Columbia",2,30289
"692",56057,"From: 01 Jan 2003","To: 31 Dec 2003","South Carolina",2003,107,"Belarus",10,"Boiling Springs",10,32235
"693",37800,"From: 01 Jan 2004","To: 31 Dec 2004","South Carolina",2004,158,"Colombia",3,"New Bern",3,56342
"694",40817,"From: 01 Jan 2005","To: 31 Dec 2005","South Carolina",2005,88,"Afghanistan",4,"Cayce",4,51897
"695",46265,"From: 01 Jan 2006","To: 31 Dec 2006","South Carolina",2006,95,"Burma",24,"Columbia",24,39552
"696",43578,"From: 01 Jan 2007","To: 31 Dec 2007","South Carolina",2007,90,"Burma",59,"Anderson",11,47753
"697",22629,"From: 01 Jan 2008","To: 31 Dec 2008","South Carolina",2008,127,"Burma",81,"Anderson",6,64733
"698",25669,"From: 01 Jan 2009","To: 31 Dec 2009","South Carolina",2009,120,"Afghanistan",1,"Columbia",1,79942
"699",49138,"From: 01 Jan 2010","To: 31 Dec 2010","South Carolina",2010,159,"Afghanistan",10,"Columbia",10,71361
"700",51531,"From: 01 Jan 2011","To: 31 Dec 2011","South Carolina",2011,114,"Afghanistan",1,"Columbia",1,51458
"701",4409,"From: 01 Jan 2012","To: 31 Dec 2012","South Carolina",2012,148,"Bhutan",31,"Columbia",31,66292
"702",12236,"From: 01 Jan 2013","To: 31 Dec 2013","South Carolina",2013,134,"Bhutan",1,"Columbia",1,66066
"703",15110,"From: 01 Jan 2014","To: 31 Dec 2014","South Carolina",2014,130,"Afghanistan",4,"Columbia",4,72820
"704",28580,"From: 01 Jan 2015","To: 31 Dec 2015","South Carolina",2015,249,"Bhutan",9,"Columbia",9,66517
"705",7720,"From: 01 Jan 2016","To: 31 Dec 2016","South Carolina",2016,399,"Afghanistan",5,"Columbia",5,96874
"706",1868,"From: 01 Jan 2017","To: 31 Dec 2017","South Carolina",2017,146,"Afghanistan",14,"Charleston",2,33368
"707",9710,"From: 01 Jan 2018","To: 31 Dec 2018","South Carolina",2018,126,"Afghanistan",4,"Columbia",4,22874
"708",17030,"From: 01 Jan 2019","To: 31 Dec 2019","South Carolina",2019,173,"Burma",30,"Columbia",18,27514
"709",31535,"From: 01 Jan 2002","To: 31 Dec 2002","South Dakota",2002,127,"Afghanistan",24,"Brandon",3,30289
"710",56073,"From: 01 Jan 2003","To: 31 Dec 2003","South Dakota",2003,168,"Afghanistan",11,"Sioux Falls",11,32235
"711",37820,"From: 01 Jan 2004","To: 31 Dec 2004","South Dakota",2004,338,"Afghanistan",3,"Sioux Falls",3,56342
"712",40834,"From: 01 Jan 2005","To: 31 Dec 2005","South Dakota",2005,222,"Cuba",2,"Sioux Falls",2,51897
"713",46278,"From: 01 Jan 2006","To: 31 Dec 2006","South Dakota",2006,158,"Dem. Rep. Congo",8,"Sioux Falls",8,39552
"714",43597,"From: 01 Jan 2007","To: 31 Dec 2007","South Dakota",2007,227,"Burundi",45,"Sioux Falls",45,47753
"715",22639,"From: 01 Jan 2008","To: 31 Dec 2008","South Dakota",2008,418,"Afghanistan",3,"Sioux Falls",3,64733
"716",25695,"From: 01 Jan 2009","To: 31 Dec 2009","South Dakota",2009,515,"Bhutan",112,"Sioux Falls",112,79942
"717",49147,"From: 01 Jan 2010","To: 31 Dec 2010","South Dakota",2010,582,"Afghanistan",1,"Sioux Falls",1,71361
"718",51539,"From: 01 Jan 2011","To: 31 Dec 2011","South Dakota",2011,461,"Afghanistan",1,"Sioux Falls",1,51458
"719",4416,"From: 01 Jan 2012","To: 31 Dec 2012","South Dakota",2012,704,"Bhutan",364,"Sioux Falls",364,66292
"720",12244,"From: 01 Jan 2013","To: 31 Dec 2013","South Dakota",2013,483,"Bhutan",186,"Sioux Falls",186,66066
"721",15117,"From: 01 Jan 2014","To: 31 Dec 2014","South Dakota",2014,495,"Bhutan",138,"Sioux Falls",138,72820
"722",28600,"From: 01 Jan 2015","To: 31 Dec 2015","South Dakota",2015,494,"Bhutan",88,"Sioux Falls",88,66517
"723",7744,"From: 01 Jan 2016","To: 31 Dec 2016","South Dakota",2016,460,"Bhutan",127,"Sioux Falls",127,96874
"724",1887,"From: 01 Jan 2017","To: 31 Dec 2017","South Dakota",2017,248,"Bhutan",88,"Sioux Falls",88,33368
"725",9724,"From: 01 Jan 2018","To: 31 Dec 2018","South Dakota",2018,172,"Bhutan",26,"Sioux Falls",26,22874
"726",17041,"From: 01 Jan 2019","To: 31 Dec 2019","South Dakota",2019,126,"Burma",25,"Aberdeen",4,27514
"727",31548,"From: 01 Jan 2002","To: 31 Dec 2002","Tennessee",2002,378,"Afghanistan",34,"Memphis",29,30289
"728",56085,"From: 01 Jan 2003","To: 31 Dec 2003","Tennessee",2003,529,"Afghanistan",19,"Memphis",18,32235
"729",37831,"From: 01 Jan 2004","To: 31 Dec 2004","Tennessee",2004,934,"Afghanistan",19,"Memphis",19,56342
"730",40846,"From: 01 Jan 2005","To: 31 Dec 2005","Tennessee",2005,864,"Afghanistan",15,"Franklin",7,51897
"731",46288,"From: 01 Jan 2006","To: 31 Dec 2006","Tennessee",2006,651,"Burma",27,"La Vergne",1,39552
"732",43607,"From: 01 Jan 2007","To: 31 Dec 2007","Tennessee",2007,1008,"Afghanistan",20,"Memphis",7,47753
"733",22653,"From: 01 Jan 2008","To: 31 Dec 2008","Tennessee",2008,1013,"Afghanistan",8,"Memphis",8,64733
"734",25713,"From: 01 Jan 2009","To: 31 Dec 2009","Tennessee",2009,1592,"Bhutan",293,"Memphis",11,79942
"735",49161,"From: 01 Jan 2010","To: 31 Dec 2010","Tennessee",2010,1564,"Afghanistan",5,"Memphis",5,71361
"736",51550,"From: 01 Jan 2011","To: 31 Dec 2011","Tennessee",2011,1169,"Afghanistan",4,"Memphis",1,51458
"737",4428,"From: 01 Jan 2012","To: 31 Dec 2012","Tennessee",2012,1362,"Bhutan",266,"Memphis",15,66292
"738",12255,"From: 01 Jan 2013","To: 31 Dec 2013","Tennessee",2013,1501,"Bhutan",238,"Antioch",3,66066
"739",15128,"From: 01 Jan 2014","To: 31 Dec 2014","Tennessee",2014,1567,"Afghanistan",3,"Memphis",3,72820
"740",28611,"From: 01 Jan 2015","To: 31 Dec 2015","Tennessee",2015,1440,"Afghanistan",7,"Memphis",7,66517
"741",7758,"From: 01 Jan 2016","To: 31 Dec 2016","Tennessee",2016,2145,"Afghanistan",58,"Memphis",18,96874
"742",1896,"From: 01 Jan 2017","To: 31 Dec 2017","Tennessee",2017,609,"Afghanistan",10,"Memphis",1,33368
"743",9734,"From: 01 Jan 2018","To: 31 Dec 2018","Tennessee",2018,420,"Afghanistan",6,"Chattanooga",2,22874
"744",17049,"From: 01 Jan 2019","To: 31 Dec 2019","Tennessee",2019,595,"Afghanistan",6,"Chattanooga",5,27514
"745",31598,"From: 01 Jan 2002","To: 31 Dec 2002","Texas",2002,1402,"Afghanistan",178,"Amarillo",14,30289
"746",56139,"From: 01 Jan 2003","To: 31 Dec 2003","Texas",2003,1817,"Afghanistan",99,"Amarillo",7,32235
"747",37884,"From: 01 Jan 2004","To: 31 Dec 2004","Texas",2004,3599,"Afghanistan",74,"Amarillo",1,56342
"748",40906,"From: 01 Jan 2005","To: 31 Dec 2005","Texas",2005,3093,"Afghanistan",122,"Amarillo",1,51897
"749",46346,"From: 01 Jan 2006","To: 31 Dec 2006","Texas",2006,2774,"Afghanistan",82,"Amarillo",1,39552
"750",43661,"From: 01 Jan 2007","To: 31 Dec 2007","Texas",2007,4296,"Afghanistan",49,"Amarillo",1,47753
"751",22708,"From: 01 Jan 2008","To: 31 Dec 2008","Texas",2008,5805,"Afghanistan",22,"Austin",4,64733
"752",25777,"From: 01 Jan 2009","To: 31 Dec 2009","Texas",2009,8826,"Afghanistan",21,"Austin",8,79942
"753",49220,"From: 01 Jan 2010","To: 31 Dec 2010","Texas",2010,7710,"Afghanistan",34,"Amarillo",7,71361
"754",51603,"From: 01 Jan 2011","To: 31 Dec 2011","Texas",2011,5294,"Afghanistan",33,"Austin",14,51458
"755",4492,"From: 01 Jan 2012","To: 31 Dec 2012","Texas",2012,6679,"Afghanistan",32,"Austin",1,66292
"756",12318,"From: 01 Jan 2013","To: 31 Dec 2013","Texas",2013,6923,"Afghanistan",47,"Austin",3,66066
"757",15198,"From: 01 Jan 2014","To: 31 Dec 2014","Texas",2014,7694,"Afghanistan",84,"Amarillo",7,72820
"758",28670,"From: 01 Jan 2015","To: 31 Dec 2015","Texas",2015,6857,"Afghanistan",64,"Austin",6,66517
"759",7833,"From: 01 Jan 2016","To: 31 Dec 2016","Texas",2016,8932,"Afghanistan",237,"Austin",51,96874
"760",1951,"From: 01 Jan 2017","To: 31 Dec 2017","Texas",2017,2832,"Afghanistan",67,"Austin",26,33368
"761",9770,"From: 01 Jan 2018","To: 31 Dec 2018","Texas",2018,1735,"Afghanistan",57,"Austin",4,22874
"762",17089,"From: 01 Jan 2019","To: 31 Dec 2019","Texas",2019,2227,"Afghanistan",91,"Austin",4,27514
"763",31737,"From: 01 Jan 2002","To: 31 Dec 2002","Utah",2002,305,"Afghanistan",53,"Salt Lake City",53,30289
"764",56299,"From: 01 Jan 2003","To: 31 Dec 2003","Utah",2003,468,"Afghanistan",43,"Salt Lake City",43,32235
"765",38050,"From: 01 Jan 2004","To: 31 Dec 2004","Utah",2004,770,"Azerbaijan",11,"Pleasant Grove",1,56342
"766",41067,"From: 01 Jan 2005","To: 31 Dec 2005","Utah",2005,767,"Afghanistan",13,"Salt Lake City",13,51897
"767",46515,"From: 01 Jan 2006","To: 31 Dec 2006","Utah",2006,611,"Afghanistan",3,"Salt Lake City",3,39552
"768",43824,"From: 01 Jan 2007","To: 31 Dec 2007","Utah",2007,898,"Burma",331,"Salt Lake City",331,47753
"769",22895,"From: 01 Jan 2008","To: 31 Dec 2008","Utah",2008,1012,"Afghanistan",7,"Salt Lake City",7,64733
"770",25983,"From: 01 Jan 2009","To: 31 Dec 2009","Utah",2009,1402,"Bhutan",353,"Murray",20,79942
"771",49432,"From: 01 Jan 2010","To: 31 Dec 2010","Utah",2010,1021,"Afghanistan",6,"Salt Lake City",6,71361
"772",51735,"From: 01 Jan 2011","To: 31 Dec 2011","Utah",2011,801,"Afghanistan",10,"Salt Lake City",10,51458
"773",4688,"From: 01 Jan 2012","To: 31 Dec 2012","Utah",2012,1102,"Afghanistan",22,"Salt Lake City",22,66292
"774",12511,"From: 01 Jan 2013","To: 31 Dec 2013","Utah",2013,1047,"Afghanistan",12,"Salt Lake City",12,66066
"775",15388,"From: 01 Jan 2014","To: 31 Dec 2014","Utah",2014,1163,"Afghanistan",30,"Salt Lake City",30,72820
"776",28845,"From: 01 Jan 2015","To: 31 Dec 2015","Utah",2015,1041,"Afghanistan",16,"Logan",1,66517
"777",8068,"From: 01 Jan 2016","To: 31 Dec 2016","Utah",2016,1319,"Afghanistan",30,"Midvale",1,96874
"778",2092,"From: 01 Jan 2017","To: 31 Dec 2017","Utah",2017,419,"Afghanistan",14,"Salt Lake City",14,33368
"779",9872,"From: 01 Jan 2018","To: 31 Dec 2018","Utah",2018,366,"Afghanistan",4,"Salt Lake City",4,22874
"780",17194,"From: 01 Jan 2019","To: 31 Dec 2019","Utah",2019,421,"Afghanistan",10,"Salt Lake City",9,27514
"781",31766,"From: 01 Jan 2002","To: 31 Dec 2002","Vermont",2002,93,"Afghanistan",10,"Colchester",10,30289
"782",56327,"From: 01 Jan 2003","To: 31 Dec 2003","Vermont",2003,82,"Azerbaijan",24,"Colchester",24,32235
"783",38072,"From: 01 Jan 2004","To: 31 Dec 2004","Vermont",2004,276,"Azerbaijan",9,"Burlington",3,56342
"784",41092,"From: 01 Jan 2005","To: 31 Dec 2005","Vermont",2005,196,"Burundi",11,"Colchester",11,51897
"785",46538,"From: 01 Jan 2006","To: 31 Dec 2006","Vermont",2006,126,"Dem. Rep. Congo",1,"Colchester",1,39552
"786",43843,"From: 01 Jan 2007","To: 31 Dec 2007","Vermont",2007,130,"Burundi",52,"Colchester",52,47753
"787",22921,"From: 01 Jan 2008","To: 31 Dec 2008","Vermont",2008,391,"Bhutan",178,"Burlington",7,64733
"788",26022,"From: 01 Jan 2009","To: 31 Dec 2009","Vermont",2009,347,"Bhutan",171,"Burlington",57,79942
"789",49472,"From: 01 Jan 2010","To: 31 Dec 2010","Vermont",2010,249,"Bhutan",160,"Burlington",91,71361
"790",51770,"From: 01 Jan 2011","To: 31 Dec 2011","Vermont",2011,363,"Bhutan",304,"Burlington",152,51458
"791",4727,"From: 01 Jan 2012","To: 31 Dec 2012","Vermont",2012,423,"Bhutan",367,"Burlington",197,66292
"792",12555,"From: 01 Jan 2013","To: 31 Dec 2013","Vermont",2013,254,"Bhutan",184,"Burlington",71,66066
"793",15432,"From: 01 Jan 2014","To: 31 Dec 2014","Vermont",2014,354,"Bhutan",193,"Burlington",122,72820
"794",28883,"From: 01 Jan 2015","To: 31 Dec 2015","Vermont",2015,320,"Bhutan",186,"Burlington",113,66517
"795",8118,"From: 01 Jan 2016","To: 31 Dec 2016","Vermont",2016,397,"Bhutan",205,"Burlington",105,96874
"796",2125,"From: 01 Jan 2017","To: 31 Dec 2017","Vermont",2017,180,"Bhutan",86,"Burlington",56,33368
"797",9895,"From: 01 Jan 2018","To: 31 Dec 2018","Vermont",2018,116,"Bhutan",19,"Burlington",16,22874
"798",17216,"From: 01 Jan 2019","To: 31 Dec 2019","Vermont",2019,84,"Burma",14,"Burlington",8,27514
"799",31778,"From: 01 Jan 2002","To: 31 Dec 2002","Virginia",2002,610,"Afghanistan",92,"Alexandria",5,30289
"800",56336,"From: 01 Jan 2003","To: 31 Dec 2003","Virginia",2003,907,"Afghanistan",108,"Alexandria",15,32235
"801",38087,"From: 01 Jan 2004","To: 31 Dec 2004","Virginia",2004,1437,"Afghanistan",59,"Alexandria",12,56342
"802",41103,"From: 01 Jan 2005","To: 31 Dec 2005","Virginia",2005,1386,"Afghanistan",51,"Alexandria",6,51897
"803",46549,"From: 01 Jan 2006","To: 31 Dec 2006","Virginia",2006,942,"Afghanistan",49,"Alexandria",6,39552
"804",43851,"From: 01 Jan 2007","To: 31 Dec 2007","Virginia",2007,1054,"Afghanistan",45,"Burke",1,47753
"805",22932,"From: 01 Jan 2008","To: 31 Dec 2008","Virginia",2008,1663,"Afghanistan",65,"Centreville",9,64733
"806",26034,"From: 01 Jan 2009","To: 31 Dec 2009","Virginia",2009,1888,"Afghanistan",17,"Centreville",3,79942
"807",49484,"From: 01 Jan 2010","To: 31 Dec 2010","Virginia",2010,1514,"Afghanistan",34,"Charlottesville",18,71361
"808",51782,"From: 01 Jan 2011","To: 31 Dec 2011","Virginia",2011,1202,"Afghanistan",26,"Charlottesville",8,51458
"809",4743,"From: 01 Jan 2012","To: 31 Dec 2012","Virginia",2012,1369,"Afghanistan",26,"Charlottesville",11,66292
"810",12572,"From: 01 Jan 2013","To: 31 Dec 2013","Virginia",2013,1606,"Afghanistan",56,"Charlottesville",15,66066
"811",15453,"From: 01 Jan 2014","To: 31 Dec 2014","Virginia",2014,1215,"Afghanistan",22,"Charlottesville",13,72820
"812",28902,"From: 01 Jan 2015","To: 31 Dec 2015","Virginia",2015,1266,"Afghanistan",78,"Charlottesville",20,66517
"813",8135,"From: 01 Jan 2016","To: 31 Dec 2016","Virginia",2016,1678,"Afghanistan",115,"Charlottesville",16,96874
"814",2143,"From: 01 Jan 2017","To: 31 Dec 2017","Virginia",2017,689,"Afghanistan",75,"Charlottesville",4,33368
"815",9902,"From: 01 Jan 2018","To: 31 Dec 2018","Virginia",2018,443,"Afghanistan",54,"Chantilly",1,22874
"816",17224,"From: 01 Jan 2019","To: 31 Dec 2019","Virginia",2019,521,"Afghanistan",75,"Charlottesville",27,27514
"817",31896,"From: 01 Jan 2002","To: 31 Dec 2002","Washington",2002,3049,"Afghanistan",52,"Kennewick",24,30289
"818",56459,"From: 01 Jan 2003","To: 31 Dec 2003","Washington",2003,3174,"Afghanistan",37,"Everett",1,32235
"819",38236,"From: 01 Jan 2004","To: 31 Dec 2004","Washington",2004,2735,"Afghanistan",12,"Kennewick",1,56342
"820",41245,"From: 01 Jan 2005","To: 31 Dec 2005","Washington",2005,2887,"Afghanistan",21,"Kennewick",2,51897
"821",46682,"From: 01 Jan 2006","To: 31 Dec 2006","Washington",2006,2345,"Afghanistan",12,"Seattle",2,39552
"822",43967,"From: 01 Jan 2007","To: 31 Dec 2007","Washington",2007,2041,"Afghanistan",13,"Renton",2,47753
"823",23062,"From: 01 Jan 2008","To: 31 Dec 2008","Washington",2008,2324,"Afghanistan",9,"Auburn",1,64733
"824",26167,"From: 01 Jan 2009","To: 31 Dec 2009","Washington",2009,2971,"Afghanistan",12,"Kent",6,79942
"825",49589,"From: 01 Jan 2010","To: 31 Dec 2010","Washington",2010,2829,"Afghanistan",15,"Kent",5,71361
"826",51874,"From: 01 Jan 2011","To: 31 Dec 2011","Washington",2011,1964,"Afghanistan",18,"Kent",3,51458
"827",4853,"From: 01 Jan 2012","To: 31 Dec 2012","Washington",2012,2339,"Afghanistan",26,"Richland",1,66292
"828",12709,"From: 01 Jan 2013","To: 31 Dec 2013","Washington",2013,2341,"Afghanistan",7,"Seattle",1,66066
"829",15561,"From: 01 Jan 2014","To: 31 Dec 2014","Washington",2014,2699,"Afghanistan",21,"Spokane",21,72820
"830",29011,"From: 01 Jan 2015","To: 31 Dec 2015","Washington",2015,2545,"Afghanistan",31,"Federal Way",1,66517
"831",8270,"From: 01 Jan 2016","To: 31 Dec 2016","Washington",2016,3829,"Afghanistan",21,"Seattle",9,96874
"832",2229,"From: 01 Jan 2017","To: 31 Dec 2017","Washington",2017,1940,"Afghanistan",23,"Kent",1,33368
"833",9957,"From: 01 Jan 2018","To: 31 Dec 2018","Washington",2018,1614,"Afghanistan",7,"Seatac",5,22874
"834",17287,"From: 01 Jan 2019","To: 31 Dec 2019","Washington",2019,1930,"Afghanistan",33,"Kent",9,27514
"835",32063,"From: 01 Jan 2002","To: 31 Dec 2002","West Virginia",2002,1,"Eritrea",1,"Westover",1,30289
"836",56651,"From: 01 Jan 2003","To: 31 Dec 2003","West Virginia",2003,2,"Iran",2,"Charleston",2,32235
"837",41410,"From: 01 Jan 2005","To: 31 Dec 2005","West Virginia",2005,3,"Vietnam",3,"Bridgeport",3,51897
"838",23216,"From: 01 Jan 2008","To: 31 Dec 2008","West Virginia",2008,5,"Burma",3,"Martinsburg",2,64733
"839",26326,"From: 01 Jan 2009","To: 31 Dec 2009","West Virginia",2009,24,"Burma",5,"Martinsburg",5,79942
"840",49723,"From: 01 Jan 2010","To: 31 Dec 2010","West Virginia",2010,12,"Burma",4,"Moorefield",4,71361
"841",51990,"From: 01 Jan 2011","To: 31 Dec 2011","West Virginia",2011,15,"Burma",11,"Moorefield",11,51458
"842",4983,"From: 01 Jan 2012","To: 31 Dec 2012","West Virginia",2012,17,"Burma",6,"Moorefield",6,66292
"843",12834,"From: 01 Jan 2013","To: 31 Dec 2013","West Virginia",2013,30,"Burma",7,"Moorefield",7,66066
"844",15685,"From: 01 Jan 2014","To: 31 Dec 2014","West Virginia",2014,25,"Burma",3,"Moorefield",3,72820
"845",29154,"From: 01 Jan 2015","To: 31 Dec 2015","West Virginia",2015,23,"Burma",6,"Martinsburg",4,66517
"846",8431,"From: 01 Jan 2016","To: 31 Dec 2016","West Virginia",2016,32,"Burma",8,"Martinsburg",4,96874
"847",2344,"From: 01 Jan 2017","To: 31 Dec 2017","West Virginia",2017,6,"Burma",4,"Moorefield",4,33368
"848",10062,"From: 01 Jan 2018","To: 31 Dec 2018","West Virginia",2018,3,"Uganda",3,"Morgantown",3,22874
"849",32064,"From: 01 Jan 2002","To: 31 Dec 2002","Wisconsin",2002,214,"Afghanistan",25,"Milwaukee",19,30289
"850",56652,"From: 01 Jan 2003","To: 31 Dec 2003","Wisconsin",2003,242,"Afghanistan",13,"Milwaukee",3,32235
"851",38394,"From: 01 Jan 2004","To: 31 Dec 2004","Wisconsin",2004,2414,"Afghanistan",10,"Milwaukee",6,56342
"852",41411,"From: 01 Jan 2005","To: 31 Dec 2005","Wisconsin",2005,1170,"Afghanistan",1,"Waukesha",1,51897
"853",46836,"From: 01 Jan 2006","To: 31 Dec 2006","Wisconsin",2006,330,"Afghanistan",1,"Waukesha",1,39552
"854",44122,"From: 01 Jan 2007","To: 31 Dec 2007","Wisconsin",2007,353,"Afghanistan",9,"Hartland",3,47753
"855",23220,"From: 01 Jan 2008","To: 31 Dec 2008","Wisconsin",2008,457,"Afghanistan",4,"Milwaukee",4,64733
"856",26332,"From: 01 Jan 2009","To: 31 Dec 2009","Wisconsin",2009,629,"Bhutan",16,"Fitchburg",5,79942
"857",49726,"From: 01 Jan 2010","To: 31 Dec 2010","Wisconsin",2010,846,"Afghanistan",7,"Madison",2,71361
"858",51992,"From: 01 Jan 2011","To: 31 Dec 2011","Wisconsin",2011,687,"Afghanistan",1,"Madison",1,51458
"859",4988,"From: 01 Jan 2012","To: 31 Dec 2012","Wisconsin",2012,934,"Afghanistan",13,"Oshkosh",9,66292
"860",12838,"From: 01 Jan 2013","To: 31 Dec 2013","Wisconsin",2013,871,"Afghanistan",1,"Milwaukee",1,66066
"861",15692,"From: 01 Jan 2014","To: 31 Dec 2014","Wisconsin",2014,1337,"Bhutan",26,"Madison",26,72820
"862",29160,"From: 01 Jan 2015","To: 31 Dec 2015","Wisconsin",2015,1272,"Afghanistan",10,"Milwaukee",10,66517
"863",8437,"From: 01 Jan 2016","To: 31 Dec 2016","Wisconsin",2016,1877,"Afghanistan",26,"Madison",2,96874
"864",2347,"From: 01 Jan 2017","To: 31 Dec 2017","Wisconsin",2017,585,"Afghanistan",1,"Oshkosh",1,33368
"865",10063,"From: 01 Jan 2018","To: 31 Dec 2018","Wisconsin",2018,472,"Afghanistan",7,"Madison",4,22874
"866",17385,"From: 01 Jan 2019","To: 31 Dec 2019","Wisconsin",2019,480,"Afghanistan",4,"Madison",4,27514
